Order ID,Order Date,Category,Sub-Category,Region,Ship Mode,Sales,Quantity,Discount,Profit,Customer ID
ORD-00587,2024-01-01,Furniture,Tables,South,Standard Class,396.08,10,0.13,-46.68,CUST-1898
ORD-02952,2024-01-01,Office Supplies,Art,East,Standard Class,703.9,8,0.22,-69.3,CUST-1119
ORD-02638,2024-01-02,Furniture,Chairs,Central,Standard Class,397.59,8,0.1,150.18,CUST-1732
ORD-03185,2024-01-02,Furniture,Furnishings,East,First Class,501.4,6,0.01,-78.78,CUST-1381
ORD-02193,2024-01-03,Furniture,Furnishings,West,First Class,535.57,9,0.27,38.12,CUST-1705
ORD-00338,2024-01-03,Furniture,Furnishings,South,Same Day,969.41,7,0.15,2.45,CUST-1559
ORD-01784,2024-01-03,Furniture,Bookcases,West,Same Day,825.26,2,0.07,48.34,CUST-1145
ORD-00159,2024-01-04,Technology,Copiers,West,Same Day,195.44,2,0.16,-1.89,CUST-1976
ORD-02048,2024-01-04,Technology,Accessories,West,Standard Class,301.48,8,0.26,81.83,CUST-1312
ORD-02346,2024-01-05,Office Supplies,Binders,South,First Class,179.78,8,0.12,-30.7,CUST-1570
ORD-02021,2024-01-05,Technology,Machines,East,Second Class,944.94,5,0.21,106.03,CUST-1193
ORD-02899,2024-01-06,Technology,Copiers,East,Same Day,410.87,4,0.09,-78.5,CUST-1215
ORD-01891,2024-01-06,Technology,Accessories,West,Standard Class,501.98,1,0.21,-113.24,CUST-1751
ORD-01833,2024-01-06,Office Supplies,Storage,West,First Class,278.78,8,0.08,29.13,CUST-1107
ORD-02371,2024-01-06,Office Supplies,Storage,South,First Class,937.08,7,0.17,375.31,CUST-1156
ORD-01616,2024-01-06,Technology,Accessories,East,First Class,419.22,6,0.06,-72.7,CUST-1741
ORD-01918,2024-01-07,Office Supplies,Art,West,First Class,879.5,7,0.01,164.79,CUST-1995
ORD-02147,2024-01-08,Technology,Accessories,West,Standard Class,939.1,9,0.14,-68.08,CUST-1327
ORD-01435,2024-01-08,Office Supplies,Paper,West,First Class,719.81,7,0.1,79.99,CUST-1487
ORD-00811,2024-01-09,Furniture,Tables,South,Same Day,764.84,9,0.02,300.85,CUST-1666
ORD-03044,2024-01-09,Furniture,Tables,West,First Class,138.34,5,0.01,0.79,CUST-1479
ORD-03157,2024-01-09,Office Supplies,Art,Central,Standard Class,813.17,6,0.17,-174.91,CUST-1992
ORD-00573,2024-01-09,Office Supplies,Binders,East,Standard Class,472.21,1,0.03,143.34,CUST-1763
ORD-01800,2024-01-12,Office Supplies,Paper,West,Same Day,165.02,8,0.28,44.04,CUST-1910
ORD-00958,2024-01-12,Office Supplies,Paper,East,Second Class,292.05,3,0.12,75.85,CUST-1922
ORD-02340,2024-01-12,Office Supplies,Storage,Central,Second Class,681.02,6,0.26,61.56,CUST-1884
ORD-02628,2024-01-13,Office Supplies,Art,South,Same Day,859.39,3,0.11,299.22,CUST-1298
ORD-02393,2024-01-15,Office Supplies,Storage,Central,Standard Class,714.06,5,0.14,158.79,CUST-1808
ORD-02708,2024-01-17,Furniture,Furnishings,West,Standard Class,180.49,10,0.23,21.36,CUST-1713
ORD-02009,2024-01-17,Furniture,Bookcases,Central,First Class,169.9,3,0.14,35.0,CUST-1436
ORD-02882,2024-01-17,Furniture,Tables,Central,Second Class,70.42,2,0.12,-9.09,CUST-1038
ORD-02101,2024-01-17,Office Supplies,Paper,West,Standard Class,445.18,1,0.08,-22.18,CUST-1922
ORD-03139,2024-01-18,Technology,Phones,South,Second Class,501.48,5,0.18,199.1,CUST-1870
ORD-00813,2024-01-18,Furniture,Furnishings,Central,Second Class,450.13,4,0.22,107.7,CUST-1696
ORD-00501,2024-01-19,Furniture,Furnishings,West,Standard Class,773.09,4,0.05,-166.63,CUST-1633
ORD-02424,2024-01-19,Technology,Machines,Central,Standard Class,863.4,6,0.25,163.21,CUST-1129
ORD-03282,2024-01-19,Furniture,Chairs,East,First Class,604.96,7,0.19,-93.04,CUST-1508
ORD-01059,2024-01-20,Office Supplies,Binders,Central,Second Class,470.72,6,0.27,51.31,CUST-1394
ORD-01085,2024-01-20,Technology,Copiers,South,First Class,493.42,4,0.14,-111.97,CUST-1017
ORD-01917,2024-01-20,Office Supplies,Art,West,Standard Class,775.13,1,0.06,304.43,CUST-1121
ORD-01942,2024-01-21,Technology,Accessories,East,Second Class,45.75,4,0.29,-2.55,CUST-1731
ORD-02031,2024-01-21,Furniture,Chairs,West,Second Class,261.1,8,0.13,65.25,CUST-1125
ORD-00981,2024-01-22,Office Supplies,Paper,Central,Second Class,263.43,1,0.16,106.88,CUST-1796
ORD-03003,2024-01-22,Furniture,Tables,West,First Class,578.9,1,0.13,188.33,CUST-1416
ORD-02553,2024-01-22,Office Supplies,Binders,East,First Class,849.94,3,0.27,-166.95,CUST-1542
ORD-00826,2024-01-22,Office Supplies,Storage,South,Same Day,881.14,10,0.03,188.67,CUST-1691
ORD-01509,2024-01-23,Office Supplies,Binders,East,First Class,529.32,5,0.18,-127.14,CUST-1901
ORD-02939,2024-01-23,Office Supplies,Art,West,First Class,961.12,4,0.02,-94.97,CUST-1922
ORD-00013,2024-01-24,Technology,Phones,Central,Standard Class,120.44,7,0.05,-34.03,CUST-1739
ORD-02999,2024-01-24,Technology,Phones,Central,Second Class,919.22,4,0.07,-30.8,CUST-1540
ORD-02299,2024-01-24,Furniture,Furnishings,South,Second Class,833.16,8,0.01,23.04,CUST-1000
ORD-00211,2024-01-24,Office Supplies,Art,West,First Class,671.11,8,0.09,14.86,CUST-1514
ORD-00522,2024-01-24,Technology,Machines,East,Standard Class,529.14,6,0.16,-80.16,CUST-1514
ORD-01648,2024-01-24,Furniture,Chairs,East,First Class,329.27,10,0.02,80.79,CUST-1492
ORD-00929,2024-01-24,Furniture,Chairs,East,First Class,494.33,9,0.07,77.91,CUST-1586
ORD-00851,2024-01-25,Office Supplies,Paper,South,Second Class,234.66,4,0.14,22.74,CUST-1804
ORD-02455,2024-01-25,Technology,Machines,East,Same Day,600.41,10,0.26,-85.33,CUST-1279
ORD-02131,2024-01-25,Technology,Copiers,West,Second Class,676.6,1,0.22,-107.01,CUST-1589
ORD-00986,2024-01-25,Technology,Phones,South,Same Day,30.51,1,0.23,5.06,CUST-1044
ORD-02316,2024-01-25,Furniture,Bookcases,West,Standard Class,629.56,6,0.14,246.28,CUST-1178
ORD-02642,2024-01-25,Furniture,Furnishings,Central,Same Day,289.01,2,0.15,86.6,CUST-1562
ORD-01283,2024-01-25,Office Supplies,Art,South,Same Day,622.28,3,0.29,95.03,CUST-1601
ORD-02408,2024-01-25,Furniture,Furnishings,East,Same Day,841.95,5,0.16,-194.92,CUST-1010
ORD-00306,2024-01-26,Furniture,Chairs,South,Standard Class,389.15,3,0.05,173.12,CUST-1036
ORD-02383,2024-01-26,Technology,Copiers,Central,Standard Class,126.06,5,0.3,43.73,CUST-1254
ORD-02164,2024-01-26,Furniture,Furnishings,West,Same Day,98.58,1,0.2,-12.83,CUST-1095
ORD-02298,2024-01-27,Furniture,Tables,West,Second Class,922.84,2,0.09,133.29,CUST-1608
ORD-01795,2024-01-27,Technology,Phones,Central,Same Day,116.33,10,0.01,31.77,CUST-1997
ORD-02769,2024-01-27,Office Supplies,Binders,South,Same Day,354.58,3,0.03,-42.15,CUST-1707
ORD-02695,2024-01-28,Furniture,Furnishings,East,Same Day,282.48,10,0.23,-61.26,CUST-1677
ORD-02663,2024-01-28,Office Supplies,Binders,Central,Standard Class,483.46,4,0.13,130.31,CUST-1342
ORD-02827,2024-01-28,Furniture,Bookcases,South,First Class,856.91,10,0.22,-163.01,CUST-1753
ORD-00759,2024-01-29,Furniture,Chairs,East,Second Class,860.42,4,0.14,-136.06,CUST-1247
ORD-00072,2024-01-29,Technology,Accessories,Central,First Class,974.55,9,0.09,403.75,CUST-1653
ORD-02433,2024-01-29,Furniture,Tables,South,Second Class,806.8,6,0.19,218.98,CUST-1966
ORD-00685,2024-01-29,Technology,Accessories,West,Standard Class,180.06,9,0.0,50.47,CUST-1946
ORD-01285,2024-01-30,Technology,Phones,Central,Second Class,316.22,4,0.05,56.15,CUST-1746
ORD-01480,2024-01-30,Furniture,Chairs,West,Same Day,871.09,10,0.21,-56.08,CUST-1023
ORD-02518,2024-01-31,Office Supplies,Binders,South,First Class,54.88,7,0.19,-1.95,CUST-1308
ORD-01927,2024-02-01,Technology,Phones,East,Same Day,840.54,1,0.11,-221.06,CUST-1782
ORD-01865,2024-02-01,Technology,Copiers,West,First Class,155.61,8,0.29,12.15,CUST-1261
ORD-02192,2024-02-02,Furniture,Chairs,West,Second Class,656.09,9,0.13,249.98,CUST-1295
ORD-02697,2024-02-02,Office Supplies,Paper,East,First Class,784.63,8,0.19,-180.59,CUST-1139
ORD-01426,2024-02-02,Technology,Machines,West,Standard Class,852.74,4,0.15,352.0,CUST-1925
ORD-01872,2024-02-03,Furniture,Furnishings,South,Same Day,385.61,1,0.27,29.93,CUST-1646
ORD-02036,2024-02-03,Furniture,Furnishings,West,Second Class,665.3,3,0.09,245.11,CUST-1059
ORD-00999,2024-02-05,Office Supplies,Storage,West,First Class,68.98,6,0.11,23.3,CUST-1797
ORD-02661,2024-02-05,Technology,Copiers,West,Second Class,936.81,5,0.28,329.92,CUST-1388
ORD-00397,2024-02-06,Furniture,Furnishings,South,First Class,561.56,1,0.25,140.43,CUST-1986
ORD-03029,2024-02-06,Office Supplies,Paper,East,Second Class,59.22,7,0.18,22.43,CUST-1532
ORD-02905,2024-02-06,Technology,Copiers,South,Standard Class,834.54,6,0.28,-133.29,CUST-1418
ORD-01968,2024-02-07,Furniture,Chairs,South,Standard Class,920.56,3,0.28,-156.74,CUST-1747
ORD-00798,2024-02-08,Furniture,Tables,East,Standard Class,788.89,4,0.25,219.59,CUST-1593
ORD-02301,2024-02-08,Technology,Accessories,East,First Class,739.95,2,0.17,-63.57,CUST-1781
ORD-00446,2024-02-08,Technology,Copiers,East,Second Class,454.71,8,0.26,-55.03,CUST-1850
ORD-01429,2024-02-09,Office Supplies,Storage,West,Same Day,386.22,1,0.21,-25.56,CUST-1384
ORD-02543,2024-02-09,Technology,Accessories,South,Standard Class,578.1,2,0.04,-112.11,CUST-1292
ORD-03112,2024-02-09,Furniture,Bookcases,East,First Class,518.13,10,0.09,61.4,CUST-1262
ORD-03287,2024-02-09,Furniture,Bookcases,Central,Standard Class,196.93,8,0.24,-40.84,CUST-1707
ORD-02345,2024-02-09,Office Supplies,Paper,Central,Second Class,645.17,8,0.19,-119.64,CUST-1429
ORD-02096,2024-02-09,Technology,Phones,South,Second Class,420.3,1,0.01,85.22,CUST-1208
ORD-03002,2024-02-10,Furniture,Tables,South,Second Class,744.34,8,0.22,-64.43,CUST-1332
ORD-01225,2024-02-11,Furniture,Chairs,West,Standard Class,465.75,4,0.09,103.72,CUST-1965
ORD-01189,2024-02-11,Technology,Phones,South,Same Day,51.86,5,0.09,-5.47,CUST-1790
ORD-01642,2024-02-11,Furniture,Furnishings,Central,Same Day,774.83,8,0.28,223.03,CUST-1118
ORD-01679,2024-02-13,Office Supplies,Paper,South,Same Day,434.38,1,0.16,-81.45,CUST-1764
ORD-00114,2024-02-13,Furniture,Bookcases,West,Second Class,789.11,4,0.02,241.38,CUST-1212
ORD-01063,2024-02-13,Office Supplies,Binders,East,Same Day,291.52,7,0.01,36.59,CUST-1540
ORD-02149,2024-02-13,Technology,Machines,East,First Class,759.98,5,0.23,182.89,CUST-1035
ORD-01830,2024-02-14,Furniture,Bookcases,Central,Standard Class,500.64,5,0.04,-106.75,CUST-1325
ORD-02615,2024-02-14,Furniture,Chairs,West,Same Day,831.88,4,0.17,89.97,CUST-1929
ORD-00217,2024-02-14,Office Supplies,Art,East,Second Class,582.53,1,0.13,131.92,CUST-1554
ORD-00974,2024-02-14,Furniture,Bookcases,West,Standard Class,54.99,10,0.02,25.76,CUST-1194
ORD-02272,2024-02-14,Furniture,Chairs,East,First Class,569.39,3,0.18,-78.1,CUST-1790
ORD-02919,2024-02-15,Furniture,Chairs,East,Same Day,676.81,4,0.24,164.26,CUST-1447
ORD-01827,2024-02-15,Technology,Phones,East,Standard Class,83.11,2,0.18,20.81,CUST-1742
ORD-01884,2024-02-15,Furniture,Tables,South,Standard Class,460.01,9,0.17,139.29,CUST-1191
ORD-02822,2024-02-16,Office Supplies,Storage,South,Standard Class,89.71,10,0.13,-10.94,CUST-1090
ORD-03110,2024-02-16,Technology,Copiers,West,Same Day,260.85,2,0.13,61.99,CUST-1501
ORD-00654,2024-02-16,Office Supplies,Storage,West,Same Day,353.23,8,0.22,-77.92,CUST-1193
ORD-00783,2024-02-17,Furniture,Bookcases,West,Standard Class,729.24,9,0.03,-178.29,CUST-1381
ORD-01664,2024-02-17,Technology,Phones,South,Same Day,314.65,5,0.26,25.7,CUST-1983
ORD-03162,2024-02-17,Office Supplies,Binders,South,First Class,437.35,8,0.01,119.95,CUST-1979
ORD-01264,2024-02-17,Office Supplies,Storage,West,Same Day,921.96,3,0.11,376.68,CUST-1126
ORD-02861,2024-02-17,Technology,Accessories,South,First Class,807.95,1,0.09,-203.7,CUST-1810
ORD-01468,2024-02-18,Technology,Machines,East,First Class,208.12,1,0.06,32.51,CUST-1007
ORD-01427,2024-02-18,Office Supplies,Art,West,First Class,652.91,5,0.08,298.49,CUST-1345
ORD-02172,2024-02-19,Technology,Accessories,Central,Standard Class,828.89,6,0.18,-13.18,CUST-1391
ORD-01507,2024-02-19,Furniture,Chairs,West,Second Class,451.64,9,0.11,-36.01,CUST-1068
ORD-02672,2024-02-19,Technology,Copiers,Central,Second Class,825.66,8,0.26,12.53,CUST-1667
ORD-00621,2024-02-21,Technology,Accessories,South,Same Day,72.36,9,0.19,5.85,CUST-1988
ORD-01803,2024-02-21,Furniture,Chairs,East,Same Day,592.63,8,0.04,-55.84,CUST-1020
ORD-02203,2024-02-21,Furniture,Chairs,Central,Second Class,16.78,8,0.22,4.43,CUST-1209
ORD-00820,2024-02-21,Technology,Accessories,South,First Class,917.83,4,0.05,-44.78,CUST-1641
ORD-02584,2024-02-21,Technology,Accessories,South,First Class,670.96,2,0.07,142.6,CUST-1742
ORD-01971,2024-02-21,Technology,Machines,Central,Second Class,230.34,8,0.14,-38.5,CUST-1440
ORD-02941,2024-02-21,Technology,Machines,Central,Standard Class,519.26,3,0.26,170.01,CUST-1237
ORD-03240,2024-02-22,Office Supplies,Art,West,Same Day,142.66,2,0.13,-7.41,CUST-1373
ORD-00368,2024-02-22,Technology,Machines,Central,Standard Class,907.84,7,0.12,-217.1,CUST-1725
ORD-02510,2024-02-23,Furniture,Bookcases,East,Second Class,745.52,6,0.1,189.81,CUST-1213
ORD-00827,2024-02-23,Office Supplies,Art,West,First Class,111.66,10,0.21,15.38,CUST-1860
ORD-01366,2024-02-23,Office Supplies,Paper,West,Second Class,876.38,8,0.19,-90.31,CUST-1012
ORD-02539,2024-02-23,Office Supplies,Binders,South,Second Class,303.07,8,0.18,-27.56,CUST-1623
ORD-00126,2024-02-23,Technology,Copiers,East,Second Class,280.54,5,0.28,-3.87,CUST-1185
ORD-01978,2024-02-24,Technology,Accessories,South,Second Class,350.53,6,0.29,-4.53,CUST-1914
ORD-03072,2024-02-24,Furniture,Tables,Central,Second Class,907.8,1,0.09,211.3,CUST-1599
ORD-01786,2024-02-25,Office Supplies,Binders,West,First Class,149.44,8,0.28,4.09,CUST-1370
ORD-00258,2024-02-25,Technology,Machines,West,Same Day,799.71,2,0.25,201.84,CUST-1418
ORD-00057,2024-02-25,Furniture,Furnishings,West,Same Day,189.91,5,0.11,-22.09,CUST-1334
ORD-00600,2024-02-25,Office Supplies,Storage,East,Second Class,510.54,5,0.08,90.48,CUST-1281
ORD-01242,2024-02-25,Furniture,Tables,West,Standard Class,368.66,9,0.25,52.11,CUST-1769
ORD-02506,2024-02-25,Technology,Accessories,West,Second Class,779.1,6,0.02,-43.34,CUST-1404
ORD-02821,2024-02-26,Furniture,Furnishings,South,Same Day,425.69,8,0.08,-34.42,CUST-1153
ORD-00041,2024-02-26,Furniture,Bookcases,West,Standard Class,47.87,10,0.13,11.78,CUST-1321
ORD-02549,2024-02-26,Furniture,Furnishings,West,Standard Class,734.07,1,0.23,-132.81,CUST-1231
ORD-00362,2024-02-26,Office Supplies,Binders,West,Second Class,858.54,4,0.2,-58.2,CUST-1419
ORD-02256,2024-02-26,Furniture,Bookcases,West,Second Class,482.09,7,0.22,-73.63,CUST-1746
ORD-02964,2024-02-26,Office Supplies,Art,West,First Class,404.84,6,0.2,-47.74,CUST-1448
ORD-02747,2024-02-26,Technology,Copiers,East,Second Class,224.52,1,0.16,-44.37,CUST-1112
ORD-00465,2024-02-26,Office Supplies,Binders,Central,First Class,388.85,4,0.2,-36.1,CUST-1323
ORD-01009,2024-02-27,Furniture,Bookcases,West,First Class,74.67,10,0.0,31.94,CUST-1192
ORD-00792,2024-02-27,Furniture,Tables,South,First Class,937.45,5,0.27,-87.28,CUST-1838
ORD-01500,2024-02-27,Technology,Machines,East,Second Class,468.55,10,0.12,181.42,CUST-1669
ORD-00329,2024-02-27,Technology,Copiers,West,Second Class,838.33,8,0.16,-112.36,CUST-1038
ORD-00181,2024-02-28,Furniture,Chairs,Central,Second Class,769.29,7,0.19,-171.84,CUST-1910
ORD-02714,2024-02-29,Office Supplies,Paper,South,Standard Class,192.8,8,0.25,-26.15,CUST-1444
ORD-02580,2024-02-29,Furniture,Chairs,East,First Class,896.01,2,0.19,310.65,CUST-1729
ORD-00359,2024-02-29,Furniture,Tables,West,First Class,257.0,8,0.02,-2.95,CUST-1203
ORD-00635,2024-02-29,Office Supplies,Binders,East,Second Class,724.19,10,0.17,21.19,CUST-1765
ORD-00541,2024-03-01,Office Supplies,Storage,South,Standard Class,448.57,5,0.05,-63.77,CUST-1134
ORD-01119,2024-03-01,Furniture,Bookcases,East,Same Day,383.85,10,0.17,-45.69,CUST-1502
ORD-02501,2024-03-01,Technology,Machines,West,First Class,562.25,4,0.12,30.64,CUST-1126
ORD-01870,2024-03-02,Office Supplies,Paper,West,Second Class,521.91,9,0.28,101.22,CUST-1570
ORD-01384,2024-03-03,Technology,Phones,East,Standard Class,935.68,2,0.1,-131.09,CUST-1530
ORD-01218,2024-03-03,Technology,Machines,South,Same Day,182.03,9,0.24,-37.28,CUST-1029
ORD-03106,2024-03-03,Furniture,Chairs,Central,Same Day,956.68,1,0.22,79.49,CUST-1149
ORD-02994,2024-03-03,Technology,Phones,Central,First Class,605.39,7,0.21,41.29,CUST-1489
ORD-01089,2024-03-04,Furniture,Furnishings,Central,Second Class,746.92,4,0.28,1.2,CUST-1110
ORD-02743,2024-03-05,Technology,Accessories,East,Same Day,527.74,7,0.07,183.01,CUST-1243
ORD-01831,2024-03-05,Furniture,Bookcases,Central,First Class,789.82,7,0.12,-173.38,CUST-1773
ORD-00959,2024-03-05,Furniture,Tables,South,Standard Class,127.6,8,0.17,35.99,CUST-1731
ORD-02266,2024-03-07,Technology,Machines,Central,Standard Class,70.26,6,0.18,10.96,CUST-1563
ORD-01790,2024-03-07,Furniture,Chairs,East,First Class,619.98,7,0.29,66.71,CUST-1786
ORD-02836,2024-03-07,Office Supplies,Storage,Central,Same Day,868.94,4,0.17,267.14,CUST-1259
ORD-00544,2024-03-07,Office Supplies,Binders,Central,Same Day,230.33,4,0.23,-43.82,CUST-1949
ORD-01602,2024-03-07,Technology,Copiers,West,Standard Class,541.71,7,0.09,190.74,CUST-1056
ORD-02996,2024-03-08,Furniture,Furnishings,West,First Class,599.48,2,0.22,-39.87,CUST-1850
ORD-02347,2024-03-08,Technology,Accessories,East,Second Class,628.65,8,0.02,188.48,CUST-1179
ORD-02483,2024-03-08,Office Supplies,Paper,East,Same Day,621.69,4,0.15,142.0,CUST-1286
ORD-00682,2024-03-08,Technology,Phones,South,First Class,909.44,1,0.02,208.61,CUST-1772
ORD-02966,2024-03-08,Office Supplies,Art,Central,Standard Class,294.4,8,0.23,-6.23,CUST-1109
ORD-03164,2024-03-08,Office Supplies,Storage,South,Second Class,913.24,7,0.05,-208.99,CUST-1664
ORD-03078,2024-03-09,Office Supplies,Binders,Central,Standard Class,563.62,2,0.14,-56.62,CUST-1327
ORD-03048,2024-03-09,Technology,Machines,West,Same Day,92.07,3,0.14,14.98,CUST-1849
ORD-02322,2024-03-09,Furniture,Tables,South,Same Day,925.26,3,0.17,-162.81,CUST-1795
ORD-02959,2024-03-10,Technology,Machines,South,Same Day,444.64,6,0.14,116.82,CUST-1210
ORD-01723,2024-03-10,Technology,Accessories,South,Standard Class,512.29,5,0.19,-25.52,CUST-1620
ORD-02370,2024-03-10,Technology,Copiers,South,Second Class,880.55,2,0.14,-6.36,CUST-1643
ORD-01462,2024-03-11,Technology,Copiers,Central,First Class,884.43,1,0.22,186.9,CUST-1508
ORD-00324,2024-03-11,Technology,Accessories,Central,Same Day,417.87,9,0.14,-82.59,CUST-1392
ORD-01639,2024-03-12,Technology,Accessories,South,First Class,93.98,3,0.06,-15.64,CUST-1111
ORD-03194,2024-03-12,Technology,Phones,West,Standard Class,508.28,3,0.08,-123.4,CUST-1364
ORD-01176,2024-03-13,Technology,Phones,West,Second Class,590.48,4,0.2,-41.46,CUST-1155
ORD-01252,2024-03-13,Technology,Phones,Central,First Class,535.96,7,0.07,-116.02,CUST-1096
ORD-00566,2024-03-13,Technology,Accessories,South,Second Class,630.93,9,0.27,32.23,CUST-1833
ORD-01725,2024-03-14,Technology,Machines,East,Standard Class,924.41,4,0.27,14.39,CUST-1399
ORD-02583,2024-03-15,Furniture,Chairs,West,First Class,391.67,6,0.15,143.22,CUST-1657
ORD-00844,2024-03-15,Furniture,Tables,West,Same Day,864.54,7,0.07,32.18,CUST-1386
ORD-02120,2024-03-16,Furniture,Chairs,Central,Same Day,235.6,1,0.16,-22.33,CUST-1953
ORD-02897,2024-03-16,Office Supplies,Binders,Central,Standard Class,309.96,10,0.08,95.54,CUST-1215
ORD-02173,2024-03-16,Furniture,Chairs,East,First Class,326.47,9,0.17,101.15,CUST-1174
ORD-00381,2024-03-17,Office Supplies,Art,East,First Class,665.35,1,0.01,-136.59,CUST-1454
ORD-00110,2024-03-17,Office Supplies,Storage,East,First Class,242.45,9,0.04,14.64,CUST-1686
ORD-00704,2024-03-17,Office Supplies,Storage,South,Standard Class,30.2,8,0.18,12.1,CUST-1386
ORD-02144,2024-03-17,Furniture,Chairs,West,Same Day,980.33,1,0.08,80.53,CUST-1213
ORD-01356,2024-03-17,Office Supplies,Storage,East,Second Class,571.26,1,0.19,-17.04,CUST-1299
ORD-00882,2024-03-18,Furniture,Furnishings,Central,Second Class,285.35,1,0.16,115.55,CUST-1663
ORD-00631,2024-03-18,Technology,Accessories,South,First Class,630.92,5,0.1,-168.27,CUST-1241
ORD-01401,2024-03-18,Office Supplies,Paper,East,First Class,249.33,10,0.11,64.5,CUST-1452
ORD-01150,2024-03-19,Furniture,Furnishings,Central,First Class,557.87,4,0.02,148.51,CUST-1265
ORD-02730,2024-03-19,Technology,Accessories,South,Same Day,127.52,2,0.1,3.03,CUST-1699
ORD-01587,2024-03-20,Furniture,Bookcases,South,Standard Class,14.24,4,0.01,6.51,CUST-1460
ORD-01572,2024-03-21,Technology,Phones,West,Second Class,898.09,8,0.03,152.19,CUST-1630
ORD-00504,2024-03-21,Office Supplies,Storage,Central,Same Day,197.88,3,0.16,-6.82,CUST-1479
ORD-01064,2024-03-21,Office Supplies,Binders,East,Same Day,104.17,7,0.22,-6.52,CUST-1771
ORD-01527,2024-03-22,Technology,Phones,East,First Class,344.23,10,0.22,-19.51,CUST-1246
ORD-02385,2024-03-22,Furniture,Bookcases,South,Standard Class,632.06,1,0.2,64.39,CUST-1012
ORD-00081,2024-03-22,Office Supplies,Art,Central,First Class,100.41,10,0.18,-23.33,CUST-1783
ORD-01772,2024-03-23,Furniture,Chairs,Central,Standard Class,243.92,7,0.19,69.49,CUST-1875
ORD-01615,2024-03-23,Furniture,Tables,East,First Class,687.23,3,0.29,-38.43,CUST-1115
ORD-01428,2024-03-23,Office Supplies,Storage,East,Standard Class,555.76,3,0.26,181.46,CUST-1010
ORD-01684,2024-03-23,Furniture,Tables,Central,First Class,795.87,8,0.23,-15.88,CUST-1243
ORD-03244,2024-03-23,Technology,Accessories,South,Same Day,767.38,5,0.14,-184.4,CUST-1748
ORD-02275,2024-03-24,Furniture,Bookcases,Central,Standard Class,854.97,1,0.03,338.19,CUST-1231
ORD-03218,2024-03-25,Office Supplies,Art,South,Standard Class,183.85,9,0.27,66.41,CUST-1860
ORD-00846,2024-03-25,Office Supplies,Art,South,Same Day,472.88,7,0.11,41.26,CUST-1279
ORD-01402,2024-03-25,Technology,Accessories,West,Standard Class,53.32,1,0.28,-1.03,CUST-1973
ORD-00063,2024-03-25,Office Supplies,Storage,Central,First Class,510.9,6,0.0,18.42,CUST-1501
ORD-01826,2024-03-25,Office Supplies,Paper,Central,Same Day,484.73,9,0.13,67.73,CUST-1435
ORD-01526,2024-03-25,Furniture,Bookcases,East,Standard Class,136.15,2,0.28,24.45,CUST-1209
ORD-02845,2024-03-25,Technology,Phones,West,First Class,820.93,7,0.06,-153.02,CUST-1621
ORD-02619,2024-03-25,Furniture,Chairs,Central,First Class,816.38,6,0.05,32.87,CUST-1299
ORD-01496,2024-03-26,Technology,Machines,East,Same Day,326.44,1,0.08,23.69,CUST-1816
ORD-03021,2024-03-26,Office Supplies,Paper,East,Standard Class,611.04,7,0.15,-6.86,CUST-1667
ORD-02457,2024-03-27,Office Supplies,Paper,Central,Same Day,754.27,8,0.09,73.82,CUST-1014
ORD-00168,2024-03-27,Technology,Copiers,South,Standard Class,643.07,1,0.02,132.35,CUST-1372
ORD-00470,2024-03-27,Office Supplies,Art,Central,Same Day,899.14,10,0.26,61.64,CUST-1782
ORD-01546,2024-03-27,Furniture,Furnishings,West,First Class,294.33,9,0.24,54.14,CUST-1404
ORD-00499,2024-03-27,Technology,Phones,Central,Same Day,642.13,4,0.11,-147.63,CUST-1682
ORD-00350,2024-03-28,Office Supplies,Binders,South,Second Class,997.3,3,0.25,-70.08,CUST-1932
ORD-01021,2024-03-28,Technology,Phones,West,First Class,163.02,2,0.09,-25.73,CUST-1408
ORD-02389,2024-03-28,Technology,Accessories,East,First Class,603.49,10,0.03,217.34,CUST-1842
ORD-02589,2024-03-29,Furniture,Furnishings,Central,Second Class,449.72,2,0.28,11.2,CUST-1573
ORD-02098,2024-03-29,Office Supplies,Storage,Central,Standard Class,955.15,9,0.27,14.43,CUST-1938
ORD-00508,2024-03-30,Furniture,Tables,East,Second Class,115.98,4,0.03,17.64,CUST-1856
ORD-01630,2024-03-30,Furniture,Furnishings,South,First Class,111.59,9,0.13,-18.58,CUST-1755
ORD-00836,2024-03-30,Furniture,Tables,West,Standard Class,182.41,5,0.22,-4.0,CUST-1567
ORD-01898,2024-03-30,Furniture,Furnishings,East,Same Day,597.71,1,0.0,52.06,CUST-1927
ORD-00150,2024-03-30,Office Supplies,Art,West,Same Day,614.49,8,0.07,-62.1,CUST-1988
ORD-00829,2024-03-31,Furniture,Tables,Central,Same Day,517.99,6,0.09,192.4,CUST-1794
ORD-02460,2024-03-31,Furniture,Chairs,Central,Second Class,338.8,5,0.18,110.24,CUST-1479
ORD-00990,2024-04-01,Furniture,Bookcases,East,Same Day,150.42,4,0.01,6.21,CUST-1150
ORD-01770,2024-04-01,Office Supplies,Storage,South,Same Day,355.82,4,0.21,78.04,CUST-1899
ORD-00189,2024-04-02,Office Supplies,Binders,West,Standard Class,557.69,2,0.12,29.59,CUST-1563
ORD-02771,2024-04-02,Office Supplies,Binders,West,Same Day,675.83,10,0.11,-38.08,CUST-1528
ORD-02453,2024-04-03,Technology,Copiers,Central,Second Class,917.14,9,0.19,-186.75,CUST-1046
ORD-03063,2024-04-03,Office Supplies,Storage,South,Second Class,96.71,1,0.02,47.12,CUST-1617
ORD-00624,2024-04-03,Furniture,Tables,East,Second Class,636.33,5,0.25,-106.03,CUST-1625
ORD-02526,2024-04-04,Furniture,Chairs,West,Standard Class,538.84,4,0.07,-109.83,CUST-1233
ORD-01931,2024-04-05,Furniture,Tables,South,Second Class,799.37,3,0.14,-11.7,CUST-1191
ORD-01973,2024-04-05,Technology,Copiers,West,Same Day,933.1,2,0.01,414.63,CUST-1333
ORD-01062,2024-04-05,Office Supplies,Storage,East,First Class,458.26,10,0.1,2.59,CUST-1590
ORD-01329,2024-04-05,Technology,Machines,West,Second Class,109.11,6,0.27,-18.02,CUST-1067
ORD-02824,2024-04-05,Technology,Copiers,East,Same Day,378.87,6,0.22,-53.19,CUST-1762
ORD-02328,2024-04-05,Office Supplies,Storage,West,Same Day,212.31,3,0.21,42.75,CUST-1889
ORD-00657,2024-04-06,Furniture,Bookcases,Central,Same Day,956.65,10,0.28,185.59,CUST-1292
ORD-02817,2024-04-07,Office Supplies,Paper,East,Same Day,308.44,6,0.14,108.47,CUST-1177
ORD-03215,2024-04-07,Office Supplies,Storage,East,Standard Class,699.98,5,0.1,245.32,CUST-1339
ORD-02343,2024-04-08,Furniture,Chairs,East,First Class,459.72,7,0.05,-73.16,CUST-1968
ORD-02889,2024-04-08,Technology,Copiers,West,Same Day,925.93,5,0.19,-187.22,CUST-1613
ORD-03186,2024-04-08,Furniture,Bookcases,Central,Same Day,171.84,4,0.21,26.37,CUST-1033
ORD-02023,2024-04-08,Furniture,Bookcases,West,Second Class,830.53,3,0.28,175.02,CUST-1034
ORD-02588,2024-04-09,Office Supplies,Art,South,Same Day,248.19,8,0.23,-0.57,CUST-1915
ORD-01501,2024-04-09,Office Supplies,Binders,South,Second Class,903.24,5,0.26,-179.23,CUST-1615
ORD-00223,2024-04-09,Furniture,Chairs,South,Same Day,242.0,4,0.23,59.79,CUST-1143
ORD-01257,2024-04-10,Office Supplies,Storage,West,Same Day,282.04,3,0.08,61.54,CUST-1619
ORD-02587,2024-04-10,Technology,Copiers,Central,Second Class,524.62,9,0.13,0.83,CUST-1745
ORD-01808,2024-04-10,Office Supplies,Storage,Central,Second Class,240.97,3,0.23,9.19,CUST-1215
ORD-02633,2024-04-10,Technology,Copiers,Central,Second Class,393.82,5,0.23,120.01,CUST-1208
ORD-00103,2024-04-10,Technology,Machines,Central,Second Class,610.99,6,0.07,-84.04,CUST-1256
ORD-01619,2024-04-10,Office Supplies,Binders,South,Same Day,167.02,1,0.22,15.56,CUST-1208
ORD-01892,2024-04-11,Furniture,Furnishings,West,Standard Class,415.91,1,0.14,-46.85,CUST-1139
ORD-02039,2024-04-12,Office Supplies,Art,West,Same Day,162.55,8,0.19,-3.74,CUST-1893
ORD-02247,2024-04-12,Furniture,Tables,Central,Standard Class,772.87,7,0.21,13.59,CUST-1151
ORD-02004,2024-04-12,Furniture,Tables,South,Same Day,401.69,5,0.16,104.6,CUST-1508
ORD-03024,2024-04-12,Technology,Accessories,West,Same Day,832.75,9,0.15,-156.76,CUST-1608
ORD-03254,2024-04-13,Technology,Phones,South,Same Day,309.0,6,0.05,-60.58,CUST-1586
ORD-02677,2024-04-13,Technology,Accessories,East,Standard Class,709.21,8,0.13,-141.41,CUST-1788
ORD-01291,2024-04-14,Office Supplies,Binders,West,Same Day,125.24,2,0.14,-23.71,CUST-1603
ORD-00979,2024-04-15,Technology,Accessories,West,First Class,11.39,6,0.19,4.41,CUST-1332
ORD-02802,2024-04-15,Furniture,Bookcases,South,First Class,89.99,4,0.24,-6.25,CUST-1974
ORD-00648,2024-04-15,Furniture,Furnishings,Central,Same Day,622.94,6,0.11,121.16,CUST-1721
ORD-02485,2024-04-15,Technology,Phones,West,Second Class,978.0,6,0.26,-102.22,CUST-1548
ORD-00457,2024-04-16,Furniture,Furnishings,East,First Class,825.02,8,0.28,28.69,CUST-1065
ORD-00825,2024-04-16,Office Supplies,Storage,South,First Class,621.13,7,0.07,103.78,CUST-1675
ORD-02341,2024-04-16,Furniture,Furnishings,Central,Second Class,902.24,9,0.03,-261.52,CUST-1962
ORD-02629,2024-04-16,Office Supplies,Binders,West,Second Class,653.23,9,0.04,-41.34,CUST-1568
ORD-01541,2024-04-16,Technology,Accessories,Central,Same Day,942.6,3,0.07,303.47,CUST-1200
ORD-02658,2024-04-16,Office Supplies,Storage,South,Same Day,103.0,10,0.25,25.26,CUST-1924
ORD-03014,2024-04-17,Office Supplies,Paper,West,Standard Class,946.84,7,0.09,-204.24,CUST-1635
ORD-00129,2024-04-17,Furniture,Tables,East,First Class,279.38,7,0.15,12.74,CUST-1279
ORD-01392,2024-04-17,Technology,Machines,West,Standard Class,684.32,1,0.27,-110.44,CUST-1972
ORD-00117,2024-04-17,Furniture,Furnishings,East,First Class,481.48,6,0.15,-87.07,CUST-1515
ORD-03199,2024-04-17,Technology,Machines,West,Standard Class,696.25,9,0.0,214.09,CUST-1905
ORD-01068,2024-04-17,Office Supplies,Binders,East,First Class,947.67,2,0.08,218.26,CUST-1810
ORD-02938,2024-04-18,Furniture,Chairs,Central,First Class,195.95,9,0.04,2.45,CUST-1977
ORD-02431,2024-04-19,Furniture,Furnishings,Central,First Class,678.64,7,0.14,179.11,CUST-1518
ORD-01026,2024-04-20,Furniture,Chairs,South,Standard Class,259.55,3,0.03,-61.58,CUST-1414
ORD-00022,2024-04-20,Technology,Phones,East,Same Day,730.93,2,0.07,-100.49,CUST-1459
ORD-03168,2024-04-20,Office Supplies,Art,Central,Same Day,737.98,9,0.27,178.55,CUST-1912
ORD-01237,2024-04-20,Furniture,Bookcases,West,Standard Class,464.13,3,0.14,90.56,CUST-1205
ORD-00721,2024-04-21,Technology,Accessories,Central,Same Day,316.18,6,0.27,57.29,CUST-1547
ORD-00296,2024-04-21,Furniture,Furnishings,South,First Class,248.67,10,0.02,100.15,CUST-1012
ORD-02414,2024-04-21,Office Supplies,Storage,East,First Class,760.89,9,0.19,77.17,CUST-1445
ORD-00604,2024-04-21,Technology,Copiers,East,First Class,175.92,7,0.14,12.26,CUST-1971
ORD-01103,2024-04-21,Furniture,Chairs,Central,First Class,340.15,2,0.25,38.87,CUST-1707
ORD-03083,2024-04-22,Office Supplies,Binders,West,Same Day,985.06,1,0.01,-229.99,CUST-1981
ORD-03167,2024-04-23,Technology,Accessories,West,Second Class,655.84,8,0.22,-79.05,CUST-1798
ORD-02198,2024-04-23,Office Supplies,Storage,South,First Class,63.24,3,0.17,6.19,CUST-1469
ORD-00216,2024-04-23,Office Supplies,Paper,South,Same Day,568.27,9,0.14,168.87,CUST-1740
ORD-00009,2024-04-24,Furniture,Chairs,Central,Same Day,275.06,4,0.27,30.87,CUST-1735
ORD-01701,2024-04-24,Technology,Copiers,East,Standard Class,633.56,2,0.26,-20.11,CUST-1464
ORD-00328,2024-04-24,Furniture,Furnishings,Central,Second Class,184.34,10,0.1,48.19,CUST-1367
ORD-02789,2024-04-24,Technology,Accessories,South,First Class,670.72,2,0.01,-93.16,CUST-1392
ORD-00719,2024-04-24,Office Supplies,Art,East,Standard Class,550.29,8,0.2,207.2,CUST-1900
ORD-02224,2024-04-25,Technology,Accessories,South,First Class,946.04,2,0.13,116.89,CUST-1524
ORD-02413,2024-04-25,Technology,Machines,Central,Standard Class,221.66,6,0.21,85.81,CUST-1478
ORD-03197,2024-04-26,Technology,Copiers,East,Standard Class,416.25,7,0.27,57.05,CUST-1684
ORD-02394,2024-04-26,Technology,Accessories,West,First Class,449.36,2,0.09,121.33,CUST-1842
ORD-00831,2024-04-27,Furniture,Chairs,South,Standard Class,203.45,4,0.19,-22.9,CUST-1070
ORD-00459,2024-04-27,Furniture,Furnishings,South,First Class,209.69,9,0.09,-52.11,CUST-1613
ORD-02293,2024-04-27,Technology,Copiers,Central,Second Class,831.25,9,0.05,252.6,CUST-1716
ORD-00027,2024-04-27,Furniture,Furnishings,West,First Class,961.17,2,0.26,-174.39,CUST-1069
ORD-01988,2024-04-27,Office Supplies,Paper,Central,Second Class,377.87,1,0.27,-29.3,CUST-1918
ORD-01945,2024-04-27,Office Supplies,Paper,South,Same Day,465.0,7,0.27,-75.78,CUST-1550
ORD-02568,2024-04-29,Furniture,Bookcases,East,Standard Class,438.36,6,0.28,136.86,CUST-1213
ORD-00802,2024-04-29,Office Supplies,Storage,East,Standard Class,151.04,6,0.08,62.98,CUST-1921
ORD-00025,2024-04-30,Furniture,Furnishings,East,Same Day,272.55,8,0.09,63.81,CUST-1748
ORD-02401,2024-04-30,Technology,Accessories,East,Second Class,371.19,1,0.18,-8.77,CUST-1705
ORD-02352,2024-04-30,Furniture,Furnishings,South,First Class,140.54,5,0.07,-5.93,CUST-1864
ORD-02997,2024-04-30,Furniture,Bookcases,West,Same Day,249.31,2,0.23,-29.28,CUST-1186
ORD-02446,2024-05-01,Technology,Accessories,South,First Class,390.35,3,0.0,13.64,CUST-1364
ORD-02639,2024-05-02,Technology,Phones,West,First Class,292.98,2,0.02,-72.02,CUST-1247
ORD-00478,2024-05-02,Furniture,Bookcases,South,First Class,455.36,6,0.08,-4.92,CUST-1570
ORD-01513,2024-05-02,Office Supplies,Binders,Central,Same Day,37.39,6,0.12,6.09,CUST-1887
ORD-02556,2024-05-02,Furniture,Bookcases,West,First Class,431.21,8,0.17,84.84,CUST-1497
ORD-00218,2024-05-03,Furniture,Furnishings,East,Standard Class,414.78,3,0.23,154.15,CUST-1661
ORD-00613,2024-05-03,Office Supplies,Art,West,Same Day,78.7,4,0.18,-10.15,CUST-1503
ORD-01860,2024-05-04,Furniture,Furnishings,West,First Class,262.38,4,0.01,48.6,CUST-1811
ORD-00348,2024-05-04,Office Supplies,Storage,South,Second Class,481.5,2,0.12,162.35,CUST-1035
ORD-02244,2024-05-05,Technology,Machines,East,Standard Class,390.43,5,0.23,25.42,CUST-1656
ORD-03006,2024-05-05,Technology,Machines,South,Standard Class,813.31,5,0.28,-70.44,CUST-1201
ORD-02653,2024-05-05,Furniture,Bookcases,West,Standard Class,943.95,7,0.03,-99.95,CUST-1823
ORD-00320,2024-05-06,Furniture,Tables,West,Same Day,378.52,2,0.17,-29.2,CUST-1832
ORD-01118,2024-05-06,Technology,Copiers,East,First Class,848.33,2,0.13,-0.4,CUST-1646
ORD-02552,2024-05-07,Furniture,Furnishings,South,Second Class,47.32,5,0.27,-7.84,CUST-1410
ORD-01128,2024-05-07,Furniture,Furnishings,East,First Class,352.39,2,0.28,45.29,CUST-1627
ORD-02071,2024-05-07,Furniture,Furnishings,South,Same Day,172.37,8,0.23,59.31,CUST-1878
ORD-02115,2024-05-08,Office Supplies,Paper,East,Same Day,694.59,7,0.1,142.98,CUST-1948
ORD-01586,2024-05-08,Office Supplies,Storage,South,Second Class,923.86,10,0.07,-75.81,CUST-1912
ORD-00269,2024-05-08,Technology,Phones,West,Standard Class,332.73,8,0.03,76.35,CUST-1501
ORD-02849,2024-05-08,Office Supplies,Paper,East,Second Class,68.3,5,0.09,3.72,CUST-1545
ORD-00655,2024-05-08,Furniture,Tables,Central,Same Day,582.92,6,0.15,115.29,CUST-1542
ORD-01187,2024-05-09,Technology,Phones,West,Standard Class,540.12,3,0.25,6.65,CUST-1735
ORD-01290,2024-05-10,Furniture,Bookcases,East,Second Class,235.31,10,0.23,14.83,CUST-1100
ORD-02728,2024-05-10,Furniture,Bookcases,Central,First Class,751.0,5,0.06,-163.73,CUST-1871
ORD-01463,2024-05-10,Furniture,Tables,West,First Class,527.55,4,0.03,-6.01,CUST-1365
ORD-00931,2024-05-10,Technology,Accessories,South,First Class,399.86,9,0.24,37.7,CUST-1065
ORD-02640,2024-05-10,Office Supplies,Storage,South,Standard Class,85.09,4,0.25,-9.4,CUST-1649
ORD-02879,2024-05-11,Technology,Copiers,South,Second Class,434.26,6,0.23,124.13,CUST-1667
ORD-02019,2024-05-11,Furniture,Tables,East,First Class,150.02,6,0.03,47.01,CUST-1208
ORD-02760,2024-05-11,Furniture,Bookcases,East,Same Day,745.4,3,0.17,-145.04,CUST-1462
ORD-02040,2024-05-11,Furniture,Tables,Central,First Class,804.64,10,0.23,-15.74,CUST-1403
ORD-00692,2024-05-12,Office Supplies,Paper,Central,Second Class,599.01,7,0.04,213.05,CUST-1742
ORD-01506,2024-05-13,Furniture,Bookcases,Central,Same Day,407.31,4,0.27,119.06,CUST-1123
ORD-01323,2024-05-13,Office Supplies,Art,West,First Class,653.93,7,0.26,-139.04,CUST-1987
ORD-01081,2024-05-14,Technology,Phones,Central,Second Class,883.77,7,0.12,-170.29,CUST-1751
ORD-01975,2024-05-14,Office Supplies,Paper,Central,Same Day,665.94,4,0.04,-178.25,CUST-1308
ORD-01442,2024-05-14,Technology,Copiers,Central,Same Day,364.53,8,0.11,-19.4,CUST-1500
ORD-01566,2024-05-15,Office Supplies,Binders,South,Same Day,816.91,3,0.12,346.99,CUST-1341
ORD-00584,2024-05-15,Office Supplies,Paper,South,Same Day,571.54,6,0.16,-53.33,CUST-1678
ORD-00877,2024-05-15,Technology,Copiers,Central,First Class,76.66,4,0.12,21.19,CUST-1511
ORD-01560,2024-05-15,Furniture,Chairs,Central,Same Day,789.14,4,0.14,329.12,CUST-1947
ORD-00725,2024-05-15,Office Supplies,Storage,Central,Same Day,698.26,1,0.19,-86.54,CUST-1454
ORD-00941,2024-05-15,Office Supplies,Binders,Central,Standard Class,780.29,3,0.26,-68.94,CUST-1010
ORD-00672,2024-05-16,Technology,Copiers,South,Same Day,869.66,8,0.29,218.97,CUST-1382
ORD-00866,2024-05-16,Technology,Accessories,South,Same Day,992.47,9,0.04,-4.78,CUST-1773
ORD-00649,2024-05-17,Technology,Accessories,West,Standard Class,246.25,2,0.19,57.82,CUST-1770
ORD-00429,2024-05-17,Office Supplies,Binders,West,Same Day,952.02,6,0.04,205.07,CUST-1102
ORD-00351,2024-05-17,Furniture,Furnishings,South,Standard Class,858.06,9,0.14,294.27,CUST-1805
ORD-01116,2024-05-18,Furniture,Chairs,West,Second Class,105.58,2,0.15,21.85,CUST-1331
ORD-03004,2024-05-18,Technology,Copiers,Central,Second Class,457.09,8,0.07,123.29,CUST-1332
ORD-02114,2024-05-19,Office Supplies,Paper,South,Same Day,204.34,5,0.25,7.33,CUST-1323
ORD-02977,2024-05-19,Furniture,Bookcases,South,Same Day,140.29,8,0.1,36.84,CUST-1798
ORD-00031,2024-05-20,Furniture,Bookcases,Central,Second Class,443.8,9,0.21,66.38,CUST-1826
ORD-02167,2024-05-20,Office Supplies,Binders,South,Standard Class,313.33,7,0.02,148.22,CUST-1844
ORD-01593,2024-05-20,Furniture,Tables,East,First Class,954.05,2,0.23,246.49,CUST-1967
ORD-02142,2024-05-20,Technology,Machines,East,First Class,894.37,10,0.3,43.49,CUST-1971
ORD-03229,2024-05-21,Office Supplies,Storage,Central,Same Day,870.75,8,0.07,10.35,CUST-1805
ORD-02590,2024-05-21,Office Supplies,Binders,West,Standard Class,227.75,1,0.15,-27.96,CUST-1740
ORD-03257,2024-05-21,Office Supplies,Binders,East,Second Class,693.87,10,0.03,-139.91,CUST-1518
ORD-01754,2024-05-22,Technology,Accessories,West,First Class,739.68,4,0.25,-110.38,CUST-1621
ORD-00006,2024-05-22,Furniture,Tables,Central,First Class,856.76,2,0.11,47.83,CUST-1854
ORD-00617,2024-05-23,Technology,Accessories,East,Same Day,954.61,8,0.04,117.53,CUST-1367
ORD-01838,2024-05-24,Office Supplies,Binders,South,First Class,234.8,10,0.16,62.53,CUST-1826
ORD-01902,2024-05-24,Furniture,Bookcases,Central,First Class,162.19,9,0.2,2.94,CUST-1701
ORD-02366,2024-05-24,Furniture,Bookcases,East,First Class,212.08,10,0.15,-32.12,CUST-1650
ORD-00893,2024-05-25,Office Supplies,Binders,East,Same Day,932.81,3,0.06,43.0,CUST-1261
ORD-01376,2024-05-25,Technology,Phones,South,Second Class,735.23,4,0.29,166.52,CUST-1183
ORD-01494,2024-05-26,Furniture,Bookcases,South,First Class,427.7,6,0.2,-99.76,CUST-1611
ORD-02810,2024-05-26,Technology,Machines,West,Standard Class,577.24,7,0.26,168.53,CUST-1687
ORD-01991,2024-05-26,Furniture,Furnishings,West,Same Day,664.49,9,0.24,116.75,CUST-1234
ORD-01122,2024-05-27,Office Supplies,Paper,South,Second Class,834.08,10,0.25,62.98,CUST-1365
ORD-02886,2024-05-27,Office Supplies,Paper,South,Second Class,380.98,9,0.12,164.08,CUST-1497
ORD-02881,2024-05-27,Office Supplies,Storage,Central,First Class,615.26,8,0.16,21.4,CUST-1957
ORD-03012,2024-05-28,Office Supplies,Binders,West,Second Class,823.28,6,0.03,-221.47,CUST-1725
ORD-01512,2024-05-28,Technology,Accessories,West,Same Day,841.37,6,0.28,219.53,CUST-1416
ORD-02373,2024-05-28,Technology,Accessories,South,Standard Class,851.92,2,0.0,82.6,CUST-1507
ORD-02504,2024-05-28,Furniture,Furnishings,South,Second Class,892.19,8,0.11,232.1,CUST-1096
ORD-00030,2024-05-28,Furniture,Furnishings,East,First Class,542.26,9,0.08,222.8,CUST-1902
ORD-01696,2024-05-29,Furniture,Chairs,South,Same Day,107.27,3,0.23,28.56,CUST-1321
ORD-01022,2024-05-29,Furniture,Furnishings,South,First Class,355.45,8,0.19,120.95,CUST-1476
ORD-00298,2024-05-29,Furniture,Chairs,East,Standard Class,223.59,1,0.28,2.96,CUST-1293
ORD-01925,2024-05-29,Office Supplies,Paper,South,Standard Class,262.55,7,0.06,-53.16,CUST-1550
ORD-00048,2024-05-29,Office Supplies,Storage,West,Same Day,499.43,4,0.04,119.91,CUST-1914
ORD-03051,2024-05-30,Furniture,Chairs,West,Same Day,682.25,10,0.24,226.11,CUST-1806
ORD-00637,2024-05-30,Office Supplies,Storage,East,Same Day,153.49,10,0.14,1.3,CUST-1139
ORD-02680,2024-05-30,Furniture,Chairs,Central,Second Class,677.6,4,0.0,128.95,CUST-1509
ORD-01279,2024-05-31,Office Supplies,Storage,West,Standard Class,349.02,8,0.1,18.94,CUST-1264
ORD-00835,2024-05-31,Office Supplies,Binders,East,Second Class,297.67,4,0.19,103.72,CUST-1368
ORD-01175,2024-05-31,Technology,Copiers,East,Same Day,109.43,9,0.1,36.75,CUST-1676
ORD-00177,2024-05-31,Furniture,Bookcases,East,Same Day,471.17,9,0.1,170.63,CUST-1798
ORD-02723,2024-05-31,Office Supplies,Storage,East,Standard Class,342.23,6,0.22,95.35,CUST-1552
ORD-01947,2024-05-31,Office Supplies,Art,South,First Class,861.99,3,0.17,332.42,CUST-1223
ORD-02611,2024-05-31,Technology,Phones,West,Second Class,253.45,2,0.12,44.8,CUST-1696
ORD-02235,2024-06-01,Furniture,Bookcases,West,First Class,155.89,6,0.27,0.19,CUST-1736
ORD-03178,2024-06-01,Technology,Machines,South,Standard Class,999.46,10,0.25,156.5,CUST-1147
ORD-02929,2024-06-01,Office Supplies,Paper,West,Second Class,330.41,1,0.27,-50.88,CUST-1453
ORD-03177,2024-06-01,Technology,Machines,East,Standard Class,393.32,7,0.16,-96.32,CUST-1206
ORD-00321,2024-06-02,Furniture,Chairs,West,Same Day,811.21,2,0.27,215.25,CUST-1339
ORD-01061,2024-06-02,Technology,Machines,South,Standard Class,815.26,4,0.06,262.23,CUST-1510
ORD-01515,2024-06-02,Office Supplies,Binders,South,First Class,566.07,3,0.23,-116.83,CUST-1284
ORD-00138,2024-06-03,Furniture,Furnishings,South,Same Day,684.32,10,0.19,271.18,CUST-1330
ORD-00434,2024-06-03,Furniture,Chairs,South,Second Class,907.24,9,0.08,346.54,CUST-1552
ORD-01433,2024-06-03,Furniture,Chairs,Central,First Class,164.68,8,0.19,-4.71,CUST-1680
ORD-02283,2024-06-04,Technology,Accessories,East,Same Day,378.65,7,0.04,14.12,CUST-1973
ORD-02843,2024-06-04,Furniture,Furnishings,Central,Standard Class,809.57,2,0.11,-17.2,CUST-1635
ORD-02823,2024-06-04,Office Supplies,Storage,West,Second Class,68.8,10,0.02,-18.48,CUST-1734
ORD-01438,2024-06-04,Furniture,Tables,Central,Second Class,170.8,10,0.09,4.64,CUST-1655
ORD-02830,2024-06-05,Office Supplies,Art,South,Same Day,430.8,2,0.15,113.99,CUST-1418
ORD-02059,2024-06-05,Office Supplies,Art,East,Standard Class,542.94,7,0.16,58.66,CUST-1411
ORD-00675,2024-06-06,Technology,Accessories,West,First Class,602.77,3,0.16,201.5,CUST-1846
ORD-01542,2024-06-06,Furniture,Chairs,Central,Second Class,538.61,8,0.17,-2.17,CUST-1183
ORD-00812,2024-06-07,Technology,Phones,South,First Class,359.46,7,0.25,-3.67,CUST-1181
ORD-01007,2024-06-07,Technology,Machines,South,Standard Class,656.17,7,0.25,-82.75,CUST-1822
ORD-02540,2024-06-07,Office Supplies,Binders,Central,Second Class,677.07,9,0.02,9.9,CUST-1800
ORD-00052,2024-06-07,Technology,Copiers,West,Standard Class,342.49,9,0.02,-60.19,CUST-1392
ORD-00441,2024-06-08,Technology,Copiers,South,Second Class,521.21,6,0.25,-9.37,CUST-1811
ORD-02273,2024-06-08,Office Supplies,Art,West,First Class,286.7,9,0.17,-64.8,CUST-1230
ORD-02911,2024-06-08,Office Supplies,Art,East,First Class,760.4,8,0.22,268.14,CUST-1471
ORD-02331,2024-06-08,Technology,Machines,South,First Class,413.06,4,0.06,-97.48,CUST-1071
ORD-02313,2024-06-08,Office Supplies,Paper,West,Standard Class,351.9,6,0.24,26.95,CUST-1398
ORD-00585,2024-06-08,Technology,Machines,East,Same Day,332.12,2,0.25,-39.62,CUST-1978
ORD-01932,2024-06-08,Office Supplies,Storage,South,First Class,697.95,3,0.0,39.04,CUST-1093
ORD-00521,2024-06-09,Furniture,Bookcases,Central,Same Day,422.36,2,0.26,-37.08,CUST-1668
ORD-01262,2024-06-09,Technology,Machines,Central,First Class,215.48,9,0.11,-12.76,CUST-1322
ORD-00579,2024-06-09,Office Supplies,Paper,East,Same Day,106.29,5,0.21,22.52,CUST-1476
ORD-03077,2024-06-09,Furniture,Bookcases,West,First Class,895.6,8,0.28,8.0,CUST-1959
ORD-01138,2024-06-09,Furniture,Tables,West,Standard Class,744.49,4,0.04,200.07,CUST-1806
ORD-00300,2024-06-10,Technology,Accessories,West,Standard Class,396.82,2,0.09,18.05,CUST-1976
ORD-01014,2024-06-10,Technology,Phones,West,Second Class,809.4,3,0.23,-106.67,CUST-1986
ORD-01914,2024-06-10,Office Supplies,Binders,Central,Second Class,864.2,3,0.27,-14.12,CUST-1817
ORD-01848,2024-06-10,Furniture,Bookcases,East,First Class,378.78,9,0.24,-28.51,CUST-1816
ORD-00099,2024-06-10,Technology,Machines,West,Same Day,913.7,3,0.07,178.72,CUST-1470
ORD-01174,2024-06-10,Technology,Accessories,East,Standard Class,165.16,6,0.08,31.07,CUST-1525
ORD-00201,2024-06-10,Office Supplies,Storage,Central,Same Day,221.85,9,0.08,30.54,CUST-1278
ORD-01045,2024-06-10,Technology,Machines,East,Second Class,983.58,6,0.06,205.27,CUST-1227
ORD-03170,2024-06-11,Furniture,Furnishings,East,Standard Class,266.1,7,0.11,38.76,CUST-1140
ORD-02975,2024-06-11,Furniture,Chairs,West,Second Class,733.32,1,0.02,294.62,CUST-1369
ORD-00482,2024-06-11,Furniture,Bookcases,West,Standard Class,323.71,5,0.21,47.13,CUST-1404
ORD-01256,2024-06-11,Office Supplies,Binders,West,Standard Class,994.97,10,0.15,324.25,CUST-1249
ORD-00484,2024-06-12,Furniture,Tables,South,First Class,104.6,8,0.16,-24.51,CUST-1406
ORD-02562,2024-06-12,Furniture,Furnishings,Central,First Class,661.05,7,0.04,102.85,CUST-1293
ORD-01249,2024-06-12,Furniture,Chairs,Central,Standard Class,205.64,10,0.22,10.26,CUST-1049
ORD-01607,2024-06-12,Technology,Copiers,Central,First Class,896.37,1,0.09,328.21,CUST-1095
ORD-00619,2024-06-13,Office Supplies,Art,West,Second Class,558.93,7,0.2,-27.23,CUST-1399
ORD-02333,2024-06-13,Technology,Accessories,South,First Class,566.23,7,0.21,211.41,CUST-1787
ORD-02748,2024-06-13,Technology,Copiers,Central,Standard Class,266.95,6,0.13,18.14,CUST-1631
ORD-02219,2024-06-13,Furniture,Bookcases,East,First Class,217.76,8,0.24,-17.78,CUST-1768
ORD-02717,2024-06-14,Technology,Accessories,Central,First Class,87.61,5,0.1,-1.11,CUST-1773
ORD-01129,2024-06-14,Technology,Machines,West,Standard Class,726.1,2,0.01,76.26,CUST-1665
ORD-02736,2024-06-14,Office Supplies,Paper,East,Standard Class,281.42,1,0.0,138.05,CUST-1006
ORD-01200,2024-06-15,Furniture,Furnishings,East,Same Day,136.01,1,0.05,38.57,CUST-1170
ORD-01454,2024-06-15,Technology,Machines,South,Standard Class,76.26,7,0.23,19.56,CUST-1282
ORD-00842,2024-06-15,Office Supplies,Binders,West,Same Day,753.79,9,0.11,77.23,CUST-1183
ORD-00909,2024-06-15,Office Supplies,Storage,South,First Class,736.93,5,0.18,162.89,CUST-1890
ORD-02125,2024-06-16,Office Supplies,Binders,Central,Standard Class,916.75,5,0.28,230.17,CUST-1808
ORD-01027,2024-06-16,Office Supplies,Storage,South,Second Class,672.95,5,0.06,-162.58,CUST-1916
ORD-03187,2024-06-16,Furniture,Tables,South,Standard Class,905.42,10,0.14,170.32,CUST-1690
ORD-00755,2024-06-16,Technology,Phones,East,Same Day,187.76,3,0.25,-37.15,CUST-1426
ORD-02186,2024-06-17,Technology,Machines,South,Standard Class,394.62,1,0.02,169.03,CUST-1835
ORD-02216,2024-06-17,Technology,Accessories,West,First Class,127.28,7,0.02,23.58,CUST-1973
ORD-02188,2024-06-17,Furniture,Chairs,Central,First Class,665.53,9,0.19,137.7,CUST-1337
ORD-01748,2024-06-18,Technology,Machines,Central,First Class,144.76,1,0.26,-28.46,CUST-1820
ORD-01910,2024-06-19,Furniture,Furnishings,South,First Class,605.02,1,0.04,200.01,CUST-1721
ORD-00980,2024-06-19,Technology,Copiers,West,Same Day,899.35,5,0.1,-205.74,CUST-1835
ORD-01197,2024-06-20,Furniture,Furnishings,South,Second Class,68.34,8,0.08,-3.2,CUST-1345
ORD-02513,2024-06-20,Office Supplies,Storage,Central,Second Class,157.33,2,0.03,39.27,CUST-1602
ORD-00593,2024-06-22,Furniture,Furnishings,South,Same Day,627.02,8,0.15,75.49,CUST-1460
ORD-00934,2024-06-22,Furniture,Bookcases,Central,Second Class,428.82,1,0.07,-104.91,CUST-1968
ORD-02364,2024-06-22,Furniture,Tables,South,First Class,39.04,2,0.09,-9.25,CUST-1674
ORD-01858,2024-06-22,Office Supplies,Storage,South,Second Class,250.47,5,0.19,49.26,CUST-1170
ORD-01191,2024-06-22,Furniture,Chairs,South,First Class,24.59,9,0.18,-3.6,CUST-1753
ORD-03098,2024-06-23,Office Supplies,Art,Central,First Class,773.21,7,0.21,-101.69,CUST-1493
ORD-00261,2024-06-23,Furniture,Tables,Central,Second Class,650.53,1,0.17,116.64,CUST-1662
ORD-02916,2024-06-23,Furniture,Tables,Central,First Class,755.75,10,0.0,-62.21,CUST-1048
ORD-00691,2024-06-23,Furniture,Tables,South,Same Day,698.09,2,0.22,225.4,CUST-1172
ORD-01788,2024-06-23,Office Supplies,Storage,East,Same Day,235.92,3,0.26,21.79,CUST-1967
ORD-00529,2024-06-24,Furniture,Chairs,West,Second Class,870.06,5,0.0,221.9,CUST-1113
ORD-02883,2024-06-24,Technology,Copiers,South,Second Class,180.83,5,0.04,20.74,CUST-1777
ORD-01596,2024-06-25,Furniture,Tables,West,Standard Class,168.74,9,0.06,78.18,CUST-1775
ORD-01224,2024-06-25,Technology,Machines,East,First Class,918.83,3,0.22,-108.56,CUST-1605
ORD-02744,2024-06-25,Technology,Machines,West,Same Day,604.23,8,0.22,82.01,CUST-1313
ORD-01121,2024-06-25,Technology,Phones,East,Second Class,42.91,3,0.27,-0.39,CUST-1417
ORD-01400,2024-06-26,Technology,Machines,West,Second Class,523.04,1,0.14,-95.6,CUST-1234
ORD-02467,2024-06-26,Office Supplies,Binders,East,Same Day,545.47,3,0.09,-90.67,CUST-1390
ORD-01899,2024-06-26,Technology,Copiers,Central,Standard Class,234.73,3,0.24,20.97,CUST-1423
ORD-02199,2024-06-26,Furniture,Chairs,West,Second Class,983.77,3,0.17,401.87,CUST-1642
ORD-02945,2024-06-26,Technology,Copiers,Central,Same Day,570.6,1,0.28,-11.87,CUST-1776
ORD-02336,2024-06-27,Technology,Accessories,Central,Standard Class,690.22,10,0.21,-114.31,CUST-1367
ORD-03250,2024-06-27,Furniture,Tables,Central,Second Class,269.37,9,0.21,16.68,CUST-1206
ORD-01757,2024-06-27,Technology,Machines,West,Second Class,900.85,8,0.14,-71.06,CUST-1996
ORD-02268,2024-06-27,Furniture,Chairs,South,Second Class,354.58,1,0.09,102.58,CUST-1836
ORD-02685,2024-06-28,Technology,Machines,West,Same Day,925.08,3,0.18,-115.86,CUST-1442
ORD-03132,2024-06-28,Office Supplies,Binders,Central,Same Day,912.45,1,0.24,-147.55,CUST-1356
ORD-01901,2024-06-29,Technology,Accessories,South,Second Class,806.73,9,0.02,333.12,CUST-1742
ORD-03274,2024-06-29,Furniture,Chairs,South,Second Class,114.59,6,0.1,-17.02,CUST-1452
ORD-02850,2024-06-29,Technology,Phones,East,Same Day,366.96,9,0.09,105.0,CUST-1327
ORD-02212,2024-06-29,Furniture,Chairs,South,Second Class,551.23,2,0.16,32.82,CUST-1002
ORD-01954,2024-06-30,Office Supplies,Paper,Central,Second Class,787.97,3,0.28,165.14,CUST-1963
ORD-01820,2024-06-30,Technology,Machines,East,Standard Class,432.88,8,0.27,67.58,CUST-1181
ORD-01778,2024-07-01,Furniture,Chairs,South,Same Day,113.46,3,0.01,21.79,CUST-1032
ORD-00738,2024-07-02,Office Supplies,Storage,West,Standard Class,125.67,1,0.29,8.87,CUST-1996
ORD-03013,2024-07-02,Office Supplies,Art,Central,Same Day,63.6,10,0.29,-3.91,CUST-1715
ORD-00912,2024-07-02,Furniture,Furnishings,East,Second Class,929.71,6,0.27,212.46,CUST-1225
ORD-02411,2024-07-03,Office Supplies,Storage,East,Standard Class,429.01,6,0.16,56.82,CUST-1382
ORD-00141,2024-07-03,Technology,Machines,South,First Class,455.24,10,0.2,-15.58,CUST-1487
ORD-00330,2024-07-03,Furniture,Tables,West,First Class,531.18,1,0.1,91.46,CUST-1825
ORD-00751,2024-07-03,Office Supplies,Art,West,Same Day,634.38,2,0.01,-16.71,CUST-1474
ORD-01419,2024-07-03,Office Supplies,Art,West,Second Class,958.38,5,0.25,-6.93,CUST-1931
ORD-01759,2024-07-03,Technology,Machines,South,Second Class,732.26,7,0.02,283.62,CUST-1735
ORD-01836,2024-07-03,Office Supplies,Art,Central,Standard Class,805.54,1,0.03,149.21,CUST-1739
ORD-01879,2024-07-03,Technology,Accessories,Central,First Class,809.69,9,0.1,13.89,CUST-1837
ORD-02598,2024-07-04,Office Supplies,Paper,East,Same Day,302.54,3,0.18,90.15,CUST-1027
ORD-02105,2024-07-06,Furniture,Furnishings,West,Second Class,636.97,8,0.15,21.92,CUST-1277
ORD-02317,2024-07-06,Office Supplies,Art,West,Standard Class,782.43,10,0.0,264.83,CUST-1595
ORD-02669,2024-07-06,Office Supplies,Paper,South,Same Day,371.22,9,0.04,5.09,CUST-1341
ORD-01896,2024-07-06,Furniture,Bookcases,East,Second Class,845.4,2,0.29,135.38,CUST-1322
ORD-00610,2024-07-07,Furniture,Tables,East,First Class,95.52,10,0.04,20.64,CUST-1921
ORD-02517,2024-07-07,Furniture,Bookcases,West,Same Day,486.57,7,0.05,-100.26,CUST-1819
ORD-01133,2024-07-07,Technology,Phones,West,Same Day,750.0,9,0.17,306.74,CUST-1015
ORD-01678,2024-07-07,Office Supplies,Binders,Central,Second Class,524.48,7,0.28,-100.34,CUST-1375
ORD-00787,2024-07-07,Furniture,Furnishings,West,Same Day,222.64,2,0.11,23.98,CUST-1602
ORD-03053,2024-07-08,Technology,Phones,East,Second Class,736.3,7,0.29,126.11,CUST-1146
ORD-00571,2024-07-08,Office Supplies,Binders,South,Second Class,198.31,8,0.22,18.39,CUST-1794
ORD-02184,2024-07-08,Office Supplies,Paper,West,Second Class,688.66,4,0.28,145.64,CUST-1595
ORD-02953,2024-07-08,Office Supplies,Storage,East,Standard Class,846.67,3,0.15,46.07,CUST-1798
ORD-01570,2024-07-08,Technology,Accessories,East,First Class,476.5,1,0.04,222.76,CUST-1375
ORD-00313,2024-07-09,Furniture,Tables,South,Standard Class,463.87,2,0.17,40.17,CUST-1652
ORD-00251,2024-07-09,Technology,Copiers,South,First Class,298.93,7,0.23,64.42,CUST-1572
ORD-02871,2024-07-09,Technology,Machines,South,Second Class,643.21,10,0.1,-71.29,CUST-1673
ORD-01776,2024-07-09,Technology,Phones,West,Same Day,57.93,3,0.22,-9.38,CUST-1161
ORD-01774,2024-07-10,Furniture,Tables,West,Standard Class,667.37,2,0.09,50.03,CUST-1669
ORD-00948,2024-07-10,Furniture,Chairs,East,Standard Class,558.62,8,0.24,-123.73,CUST-1971
ORD-00047,2024-07-10,Furniture,Bookcases,West,Second Class,155.88,1,0.07,11.61,CUST-1870
ORD-02319,2024-07-11,Office Supplies,Paper,South,Standard Class,283.05,8,0.02,78.28,CUST-1084
ORD-02422,2024-07-11,Office Supplies,Binders,East,Same Day,620.68,4,0.23,-76.4,CUST-1285
ORD-01083,2024-07-12,Furniture,Furnishings,Central,Second Class,178.53,2,0.05,-5.81,CUST-1466
ORD-02171,2024-07-12,Furniture,Tables,South,Same Day,88.11,8,0.18,-4.33,CUST-1570
ORD-01812,2024-07-13,Technology,Phones,West,Standard Class,687.5,10,0.17,100.65,CUST-1906
ORD-01446,2024-07-13,Furniture,Furnishings,South,Second Class,278.18,4,0.01,3.8,CUST-1310
ORD-01381,2024-07-14,Furniture,Chairs,East,First Class,333.59,5,0.01,140.07,CUST-1576
ORD-02292,2024-07-14,Office Supplies,Binders,West,Standard Class,472.6,9,0.2,176.95,CUST-1281
ORD-02381,2024-07-14,Office Supplies,Storage,Central,Standard Class,721.13,10,0.12,-4.7,CUST-1616
ORD-02582,2024-07-14,Technology,Copiers,Central,Same Day,560.11,8,0.09,207.46,CUST-1131
ORD-02602,2024-07-14,Technology,Phones,East,Second Class,646.56,4,0.11,-68.73,CUST-1618
ORD-00343,2024-07-15,Furniture,Furnishings,South,Second Class,63.96,1,0.13,-3.58,CUST-1677
ORD-01574,2024-07-15,Office Supplies,Paper,Central,First Class,399.46,6,0.2,81.79,CUST-1829
ORD-00683,2024-07-16,Furniture,Tables,West,Second Class,673.89,1,0.03,246.23,CUST-1964
ORD-00821,2024-07-17,Furniture,Furnishings,South,First Class,596.61,6,0.25,-45.76,CUST-1484
ORD-01265,2024-07-17,Office Supplies,Paper,West,First Class,575.04,3,0.26,133.4,CUST-1752
ORD-00185,2024-07-17,Furniture,Bookcases,South,Same Day,255.79,3,0.24,86.9,CUST-1738
ORD-02755,2024-07-17,Technology,Copiers,West,First Class,380.85,5,0.15,-67.93,CUST-1406
ORD-00512,2024-07-17,Furniture,Tables,South,Second Class,201.19,4,0.17,76.48,CUST-1571
ORD-00904,2024-07-17,Furniture,Chairs,South,Standard Class,932.81,8,0.23,131.8,CUST-1344
ORD-02978,2024-07-19,Office Supplies,Paper,South,Same Day,260.33,3,0.25,-22.68,CUST-1738
ORD-00942,2024-07-19,Office Supplies,Paper,South,First Class,784.91,2,0.05,210.77,CUST-1313
ORD-01876,2024-07-19,Furniture,Chairs,West,First Class,462.47,7,0.27,-100.33,CUST-1836
ORD-02867,2024-07-19,Technology,Accessories,South,First Class,922.88,8,0.25,-54.21,CUST-1771
ORD-00024,2024-07-19,Furniture,Chairs,East,Second Class,174.65,8,0.14,58.84,CUST-1924
ORD-01956,2024-07-19,Technology,Machines,West,Second Class,727.11,2,0.2,91.16,CUST-1389
ORD-02913,2024-07-19,Office Supplies,Paper,East,Standard Class,582.52,4,0.2,147.5,CUST-1945
ORD-00097,2024-07-20,Technology,Phones,South,Second Class,697.06,1,0.01,232.5,CUST-1300
ORD-01649,2024-07-20,Office Supplies,Art,East,First Class,722.03,6,0.09,156.21,CUST-1813
ORD-01269,2024-07-20,Office Supplies,Storage,South,Same Day,196.99,1,0.19,-30.18,CUST-1634
ORD-01036,2024-07-22,Furniture,Chairs,East,First Class,620.1,7,0.03,180.42,CUST-1638
ORD-00695,2024-07-22,Technology,Phones,East,Same Day,681.33,3,0.11,147.57,CUST-1156
ORD-02308,2024-07-22,Office Supplies,Art,Central,Standard Class,125.14,4,0.14,7.66,CUST-1674
ORD-02604,2024-07-22,Office Supplies,Paper,West,Standard Class,382.81,5,0.21,-75.24,CUST-1757
ORD-01037,2024-07-23,Technology,Machines,East,Standard Class,853.19,4,0.07,50.55,CUST-1390
ORD-02557,2024-07-23,Furniture,Furnishings,East,First Class,330.69,8,0.03,83.89,CUST-1088
ORD-02746,2024-07-23,Furniture,Furnishings,East,Same Day,123.0,4,0.08,-0.89,CUST-1813
ORD-01682,2024-07-23,Furniture,Tables,Central,Standard Class,362.24,7,0.15,-47.19,CUST-1585
ORD-01532,2024-07-24,Furniture,Furnishings,South,Same Day,158.88,7,0.26,35.34,CUST-1023
ORD-01124,2024-07-25,Furniture,Furnishings,West,First Class,605.47,6,0.01,214.03,CUST-1296
ORD-02482,2024-07-26,Furniture,Tables,East,Standard Class,335.98,1,0.2,84.43,CUST-1450
ORD-01255,2024-07-26,Office Supplies,Binders,Central,Standard Class,428.3,1,0.06,119.74,CUST-1738
ORD-02438,2024-07-26,Furniture,Chairs,West,First Class,663.93,2,0.1,-41.44,CUST-1955
ORD-00805,2024-07-26,Furniture,Tables,Central,Same Day,451.52,9,0.06,201.32,CUST-1382
ORD-00342,2024-07-26,Office Supplies,Paper,West,Same Day,700.22,9,0.08,-48.17,CUST-1243
ORD-02094,2024-07-27,Technology,Copiers,West,First Class,912.05,6,0.12,-178.44,CUST-1267
ORD-00992,2024-07-27,Office Supplies,Art,East,Standard Class,127.17,2,0.27,17.04,CUST-1182
ORD-03081,2024-07-27,Office Supplies,Art,Central,Same Day,14.85,4,0.18,-1.34,CUST-1677
ORD-02847,2024-07-27,Furniture,Chairs,Central,Second Class,477.46,4,0.09,213.82,CUST-1302
ORD-00878,2024-07-27,Technology,Accessories,Central,First Class,603.87,7,0.2,230.87,CUST-1710
ORD-01076,2024-07-28,Furniture,Furnishings,East,First Class,248.16,8,0.06,-64.65,CUST-1677
ORD-03046,2024-07-28,Technology,Accessories,East,Standard Class,78.76,7,0.13,18.34,CUST-1820
ORD-00037,2024-07-29,Office Supplies,Storage,West,Second Class,865.96,3,0.26,-179.54,CUST-1754
ORD-03037,2024-07-30,Furniture,Bookcases,East,Second Class,954.4,5,0.1,-241.35,CUST-1059
ORD-02523,2024-07-30,Office Supplies,Binders,Central,Standard Class,741.15,10,0.04,-159.12,CUST-1880
ORD-01047,2024-07-30,Furniture,Furnishings,East,First Class,150.42,5,0.27,-24.79,CUST-1506
ORD-02537,2024-07-30,Office Supplies,Storage,East,Second Class,644.54,7,0.29,135.44,CUST-1560
ORD-02641,2024-07-30,Office Supplies,Paper,South,Standard Class,463.5,6,0.15,-56.08,CUST-1639
ORD-00994,2024-07-31,Office Supplies,Storage,Central,Standard Class,812.61,2,0.24,240.47,CUST-1152
ORD-02922,2024-07-31,Furniture,Tables,West,Second Class,798.8,3,0.02,157.58,CUST-1170
ORD-01862,2024-07-31,Technology,Phones,South,Same Day,479.43,5,0.15,-100.42,CUST-1435
ORD-02887,2024-08-01,Office Supplies,Art,Central,Standard Class,422.66,1,0.1,64.14,CUST-1913
ORD-01232,2024-08-02,Technology,Copiers,East,Second Class,427.19,6,0.1,162.39,CUST-1191
ORD-03138,2024-08-02,Technology,Copiers,West,Same Day,401.97,4,0.02,168.4,CUST-1582
ORD-00340,2024-08-02,Furniture,Bookcases,West,Same Day,169.3,2,0.16,59.52,CUST-1095
ORD-03214,2024-08-03,Furniture,Chairs,West,First Class,496.63,3,0.17,37.35,CUST-1776
ORD-01333,2024-08-03,Furniture,Tables,Central,Second Class,732.73,5,0.1,315.99,CUST-1684
ORD-00867,2024-08-03,Technology,Copiers,South,Same Day,173.19,4,0.15,10.27,CUST-1074
ORD-00353,2024-08-04,Technology,Phones,Central,Standard Class,879.11,5,0.11,69.22,CUST-1623
ORD-00064,2024-08-04,Office Supplies,Art,South,Second Class,441.13,9,0.29,-26.29,CUST-1827
ORD-01267,2024-08-04,Technology,Copiers,South,Second Class,860.47,8,0.23,-47.02,CUST-1946
ORD-01434,2024-08-04,Technology,Phones,East,Second Class,207.53,2,0.06,53.57,CUST-1093
ORD-00876,2024-08-04,Office Supplies,Art,West,First Class,408.12,6,0.0,-52.97,CUST-1225
ORD-00982,2024-08-05,Technology,Machines,Central,Second Class,818.68,4,0.1,-100.84,CUST-1644
ORD-00988,2024-08-05,Technology,Copiers,East,Second Class,147.84,10,0.27,38.03,CUST-1314
ORD-02227,2024-08-05,Furniture,Tables,Central,First Class,677.0,9,0.11,-11.14,CUST-1887
ORD-01448,2024-08-05,Furniture,Bookcases,South,Standard Class,150.06,9,0.28,37.05,CUST-1426
ORD-00918,2024-08-06,Office Supplies,Binders,South,Standard Class,153.25,5,0.25,11.48,CUST-1466
ORD-03069,2024-08-06,Technology,Machines,East,First Class,285.25,1,0.05,-61.17,CUST-1293
ORD-00620,2024-08-06,Technology,Copiers,South,First Class,886.36,8,0.22,-130.01,CUST-1197
ORD-00049,2024-08-06,Office Supplies,Paper,West,Same Day,59.72,4,0.28,-8.72,CUST-1136
ORD-01909,2024-08-07,Furniture,Furnishings,Central,First Class,669.42,10,0.03,-73.47,CUST-1973
ORD-02727,2024-08-07,Furniture,Bookcases,West,Same Day,368.19,6,0.13,23.46,CUST-1620
ORD-00955,2024-08-07,Furniture,Bookcases,West,Same Day,360.99,2,0.13,-44.59,CUST-1541
ORD-01789,2024-08-07,Office Supplies,Art,Central,Second Class,829.49,1,0.07,206.95,CUST-1292
ORD-01056,2024-08-08,Technology,Machines,South,Second Class,571.47,6,0.27,148.29,CUST-1460
ORD-03255,2024-08-08,Technology,Phones,West,First Class,673.99,4,0.1,285.94,CUST-1744
ORD-00875,2024-08-08,Office Supplies,Art,West,Second Class,934.98,7,0.28,-136.9,CUST-1218
ORD-00754,2024-08-08,Technology,Machines,South,First Class,470.01,10,0.24,-5.58,CUST-1599
ORD-01195,2024-08-09,Office Supplies,Paper,East,Same Day,773.49,8,0.11,103.62,CUST-1658
ORD-01525,2024-08-09,Office Supplies,Storage,South,Standard Class,128.25,3,0.04,37.93,CUST-1055
ORD-02476,2024-08-10,Furniture,Chairs,East,Standard Class,740.85,9,0.26,75.36,CUST-1158
ORD-01683,2024-08-10,Office Supplies,Storage,South,Second Class,624.97,9,0.25,-31.72,CUST-1986
ORD-00433,2024-08-10,Furniture,Chairs,Central,Second Class,892.38,4,0.08,335.84,CUST-1078
ORD-02074,2024-08-10,Furniture,Chairs,West,Second Class,667.19,3,0.06,-74.95,CUST-1623
ORD-00614,2024-08-10,Furniture,Furnishings,West,First Class,913.48,5,0.03,-214.13,CUST-1585
ORD-01080,2024-08-11,Technology,Phones,West,First Class,227.38,1,0.27,26.59,CUST-1244
ORD-01023,2024-08-11,Furniture,Tables,East,Same Day,770.53,4,0.12,-168.45,CUST-1350
ORD-02165,2024-08-11,Furniture,Furnishings,East,Same Day,885.75,7,0.15,-114.05,CUST-1025
ORD-00012,2024-08-12,Furniture,Tables,South,First Class,390.92,10,0.3,33.74,CUST-1994
ORD-02008,2024-08-13,Technology,Copiers,West,Same Day,230.51,4,0.01,-0.74,CUST-1477
ORD-03084,2024-08-15,Technology,Phones,East,Standard Class,429.89,7,0.02,70.92,CUST-1197
ORD-01425,2024-08-15,Technology,Accessories,Central,Standard Class,714.29,2,0.11,309.5,CUST-1506
ORD-02225,2024-08-15,Technology,Machines,West,Second Class,894.82,10,0.26,112.87,CUST-1393
ORD-00838,2024-08-15,Office Supplies,Paper,Central,Same Day,247.75,6,0.2,89.77,CUST-1818
ORD-01857,2024-08-16,Furniture,Tables,West,Same Day,292.61,9,0.18,69.39,CUST-1503
ORD-00001,2024-08-16,Furniture,Bookcases,West,Second Class,148.14,2,0.2,49.03,CUST-1089
ORD-02066,2024-08-17,Furniture,Furnishings,South,Second Class,827.13,7,0.18,118.86,CUST-1627
ORD-01935,2024-08-17,Technology,Machines,West,Standard Class,338.99,9,0.02,56.75,CUST-1320
ORD-01673,2024-08-17,Technology,Accessories,East,Second Class,691.51,6,0.14,155.97,CUST-1270
ORD-01330,2024-08-18,Office Supplies,Storage,South,Same Day,143.06,10,0.24,-32.55,CUST-1487
ORD-01768,2024-08-18,Furniture,Furnishings,Central,Second Class,583.78,9,0.28,48.4,CUST-1133
ORD-02973,2024-08-19,Office Supplies,Storage,Central,Standard Class,123.71,1,0.07,35.46,CUST-1554
ORD-00222,2024-08-19,Furniture,Furnishings,East,Second Class,214.02,2,0.18,10.03,CUST-1688
ORD-03190,2024-08-19,Office Supplies,Paper,South,Standard Class,48.96,6,0.03,19.87,CUST-1192
ORD-01182,2024-08-20,Office Supplies,Storage,West,Same Day,841.72,8,0.18,172.4,CUST-1029
ORD-00061,2024-08-22,Furniture,Bookcases,East,First Class,929.6,10,0.2,346.96,CUST-1406
ORD-03270,2024-08-22,Technology,Machines,East,Second Class,920.14,9,0.26,219.68,CUST-1240
ORD-02731,2024-08-22,Technology,Machines,West,Same Day,904.22,6,0.24,293.96,CUST-1218
ORD-01398,2024-08-22,Furniture,Tables,South,First Class,191.52,6,0.05,53.14,CUST-1978
ORD-01038,2024-08-22,Furniture,Furnishings,East,Standard Class,967.94,8,0.12,303.52,CUST-1720
ORD-00266,2024-08-23,Furniture,Bookcases,East,Second Class,930.62,4,0.15,111.95,CUST-1338
ORD-03047,2024-08-23,Furniture,Tables,West,Same Day,531.93,5,0.23,36.34,CUST-1628
ORD-00388,2024-08-25,Furniture,Chairs,East,Second Class,666.72,3,0.1,249.39,CUST-1978
ORD-01504,2024-08-25,Furniture,Tables,West,Second Class,742.95,10,0.17,31.13,CUST-1375
ORD-01590,2024-08-25,Furniture,Furnishings,Central,Second Class,549.61,4,0.0,23.96,CUST-1336
ORD-02577,2024-08-25,Furniture,Bookcases,East,First Class,936.65,6,0.2,270.38,CUST-1968
ORD-01750,2024-08-25,Office Supplies,Art,East,Second Class,15.51,6,0.14,1.57,CUST-1648
ORD-02967,2024-08-26,Technology,Phones,Central,Second Class,368.49,5,0.27,33.23,CUST-1006
ORD-02382,2024-08-27,Office Supplies,Binders,South,Same Day,12.67,5,0.0,-1.31,CUST-1848
ORD-00450,2024-08-28,Furniture,Furnishings,West,First Class,898.0,7,0.16,-2.79,CUST-1044
ORD-01348,2024-08-28,Technology,Copiers,East,Same Day,239.86,8,0.09,-43.68,CUST-1760
ORD-00575,2024-08-28,Office Supplies,Paper,West,Standard Class,123.32,10,0.17,-22.32,CUST-1555
ORD-00953,2024-08-29,Office Supplies,Art,South,Standard Class,272.1,1,0.22,32.91,CUST-1222
ORD-02880,2024-08-29,Technology,Machines,South,Standard Class,341.3,5,0.18,-4.35,CUST-1325
ORD-00563,2024-08-29,Technology,Accessories,South,Same Day,55.04,6,0.17,9.59,CUST-1011
ORD-01777,2024-08-29,Technology,Machines,South,Same Day,755.13,3,0.02,136.66,CUST-1763
ORD-02608,2024-08-30,Technology,Copiers,Central,Second Class,680.9,2,0.28,115.73,CUST-1997
ORD-02231,2024-08-30,Furniture,Bookcases,West,First Class,328.64,2,0.25,102.47,CUST-1843
ORD-00456,2024-08-31,Technology,Accessories,South,Second Class,109.28,9,0.12,-2.81,CUST-1563
ORD-03150,2024-08-31,Office Supplies,Storage,West,Standard Class,598.29,1,0.06,267.06,CUST-1251
ORD-02842,2024-08-31,Office Supplies,Art,Central,First Class,810.76,9,0.09,301.72,CUST-1812
ORD-01286,2024-09-01,Technology,Accessories,Central,Same Day,464.73,1,0.25,131.26,CUST-1801
ORD-02223,2024-09-01,Furniture,Furnishings,West,Same Day,527.36,1,0.14,146.72,CUST-1613
ORD-01948,2024-09-01,Furniture,Bookcases,West,Standard Class,76.21,7,0.12,-12.03,CUST-1083
ORD-00308,2024-09-01,Technology,Phones,West,Second Class,806.29,1,0.29,-140.17,CUST-1476
ORD-01738,2024-09-02,Technology,Phones,East,Same Day,603.01,3,0.01,69.99,CUST-1721
ORD-00971,2024-09-03,Furniture,Tables,West,Same Day,926.25,2,0.28,130.18,CUST-1308
ORD-01457,2024-09-03,Office Supplies,Binders,West,Standard Class,255.74,7,0.13,78.96,CUST-1011
ORD-01106,2024-09-04,Technology,Phones,West,Second Class,112.57,1,0.25,4.65,CUST-1056
ORD-00803,2024-09-04,Furniture,Tables,West,Second Class,498.05,9,0.12,-91.13,CUST-1062
ORD-01066,2024-09-05,Office Supplies,Binders,East,Second Class,57.36,1,0.04,27.25,CUST-1882
ORD-00660,2024-09-05,Furniture,Furnishings,South,Second Class,948.31,6,0.05,428.93,CUST-1559
ORD-03018,2024-09-05,Office Supplies,Storage,West,Second Class,959.2,3,0.29,18.84,CUST-1017
ORD-03052,2024-09-05,Technology,Accessories,South,First Class,389.4,1,0.08,159.26,CUST-1806
ORD-02776,2024-09-05,Technology,Machines,West,Standard Class,364.43,2,0.25,76.16,CUST-1568
ORD-01743,2024-09-06,Technology,Machines,East,Second Class,760.19,1,0.08,-137.2,CUST-1864
ORD-02870,2024-09-06,Office Supplies,Storage,East,Standard Class,241.02,8,0.04,-25.11,CUST-1367
ORD-01107,2024-09-06,Office Supplies,Storage,South,Second Class,822.07,9,0.08,143.86,CUST-1449
ORD-00322,2024-09-07,Furniture,Furnishings,East,Second Class,924.89,7,0.25,11.1,CUST-1030
ORD-01966,2024-09-07,Office Supplies,Binders,Central,Second Class,255.33,3,0.28,64.94,CUST-1308
ORD-01654,2024-09-08,Furniture,Furnishings,West,Standard Class,516.57,6,0.11,-119.9,CUST-1317
ORD-01094,2024-09-09,Furniture,Furnishings,Central,First Class,436.02,1,0.01,-81.94,CUST-1899
ORD-01617,2024-09-09,Office Supplies,Art,South,Same Day,662.93,5,0.13,-80.03,CUST-1650
ORD-02613,2024-09-09,Technology,Copiers,West,First Class,870.31,7,0.25,74.05,CUST-1291
ORD-01108,2024-09-09,Office Supplies,Paper,East,Second Class,150.27,4,0.05,41.88,CUST-1559
ORD-00797,2024-09-10,Technology,Phones,West,First Class,957.72,9,0.06,72.62,CUST-1918
ORD-01606,2024-09-10,Furniture,Tables,East,Second Class,58.59,5,0.25,6.16,CUST-1554
ORD-02773,2024-09-10,Furniture,Furnishings,Central,Second Class,607.72,3,0.04,-24.66,CUST-1984
ORD-01530,2024-09-12,Furniture,Tables,South,Second Class,249.6,10,0.05,-38.22,CUST-1225
ORD-02799,2024-09-12,Technology,Accessories,East,First Class,764.4,10,0.1,-131.33,CUST-1520
ORD-01320,2024-09-12,Furniture,Tables,East,Second Class,759.04,2,0.28,159.86,CUST-1366
ORD-02295,2024-09-13,Technology,Accessories,Central,Standard Class,924.74,6,0.22,-170.14,CUST-1599
ORD-00592,2024-09-14,Furniture,Chairs,East,First Class,152.56,8,0.2,58.58,CUST-1139
ORD-02018,2024-09-14,Furniture,Tables,East,First Class,308.75,10,0.13,-15.17,CUST-1951
ORD-00060,2024-09-15,Office Supplies,Binders,West,Same Day,702.47,6,0.05,123.99,CUST-1765
ORD-01253,2024-09-15,Technology,Accessories,South,Same Day,893.79,6,0.29,159.41,CUST-1249
ORD-00782,2024-09-15,Technology,Copiers,West,First Class,516.55,5,0.16,132.62,CUST-1163
ORD-01643,2024-09-16,Furniture,Tables,East,Same Day,400.66,10,0.21,111.85,CUST-1054
ORD-02289,2024-09-16,Office Supplies,Art,West,Second Class,971.04,9,0.16,217.42,CUST-1260
ORD-02536,2024-09-17,Technology,Copiers,West,Second Class,296.74,7,0.15,43.87,CUST-1304
ORD-01317,2024-09-17,Technology,Copiers,East,Standard Class,871.85,4,0.2,-96.7,CUST-1167
ORD-00960,2024-09-17,Office Supplies,Storage,South,Second Class,118.64,2,0.24,-17.95,CUST-1352
ORD-00824,2024-09-18,Furniture,Furnishings,East,Standard Class,614.63,7,0.02,145.8,CUST-1572
ORD-00589,2024-09-18,Office Supplies,Binders,Central,First Class,10.83,9,0.25,-0.1,CUST-1881
ORD-02508,2024-09-19,Office Supplies,Paper,East,Standard Class,737.71,7,0.27,111.46,CUST-1364
ORD-00017,2024-09-19,Technology,Machines,West,Standard Class,532.4,10,0.13,-60.47,CUST-1552
ORD-02359,2024-09-20,Furniture,Furnishings,South,Same Day,81.94,8,0.28,9.17,CUST-1417
ORD-02519,2024-09-20,Office Supplies,Storage,East,Same Day,645.89,1,0.04,26.2,CUST-1592
ORD-01432,2024-09-20,Furniture,Tables,East,Second Class,379.65,3,0.17,-34.8,CUST-1089
ORD-03252,2024-09-20,Furniture,Chairs,West,First Class,775.54,10,0.03,193.07,CUST-1208
ORD-01680,2024-09-20,Office Supplies,Binders,East,Second Class,876.08,1,0.16,-101.15,CUST-1399
ORD-03113,2024-09-20,Furniture,Furnishings,West,Second Class,693.18,1,0.06,-189.88,CUST-1462
ORD-02412,2024-09-21,Furniture,Bookcases,Central,First Class,217.1,10,0.1,10.53,CUST-1271
ORD-01186,2024-09-21,Technology,Phones,East,Same Day,99.35,6,0.27,22.73,CUST-1566
ORD-01020,2024-09-21,Office Supplies,Art,Central,Standard Class,92.66,7,0.15,-7.07,CUST-1896
ORD-01916,2024-09-21,Office Supplies,Binders,Central,Standard Class,647.47,4,0.2,188.23,CUST-1049
ORD-00768,2024-09-21,Furniture,Tables,West,Same Day,109.89,7,0.28,7.51,CUST-1240
ORD-00378,2024-09-21,Furniture,Furnishings,Central,Second Class,74.63,1,0.09,-4.57,CUST-1745
ORD-00727,2024-09-23,Technology,Machines,Central,Same Day,483.58,3,0.08,111.21,CUST-1846
ORD-00681,2024-09-23,Furniture,Furnishings,East,First Class,28.62,8,0.23,-5.86,CUST-1110
ORD-00331,2024-09-24,Office Supplies,Paper,Central,First Class,31.69,10,0.21,-4.67,CUST-1113
ORD-00392,2024-09-24,Office Supplies,Storage,East,Same Day,446.28,2,0.08,-19.96,CUST-1721
ORD-02177,2024-09-24,Furniture,Furnishings,Central,First Class,59.85,10,0.22,14.53,CUST-1955
ORD-00750,2024-09-25,Office Supplies,Binders,Central,Second Class,494.73,7,0.14,64.01,CUST-1433
ORD-02737,2024-09-25,Technology,Machines,West,Same Day,559.4,1,0.27,120.8,CUST-1317
ORD-01941,2024-09-26,Technology,Phones,East,Same Day,974.2,6,0.17,217.05,CUST-1717
ORD-02035,2024-09-26,Furniture,Tables,Central,Same Day,77.42,10,0.24,19.87,CUST-1939
ORD-03082,2024-09-27,Office Supplies,Binders,South,Same Day,954.23,10,0.29,-6.98,CUST-1129
ORD-01890,2024-09-27,Furniture,Bookcases,Central,Standard Class,491.25,1,0.1,143.07,CUST-1129
ORD-00987,2024-09-27,Furniture,Chairs,Central,Second Class,939.21,10,0.0,444.33,CUST-1980
ORD-00737,2024-09-27,Technology,Phones,West,Standard Class,178.17,8,0.28,51.61,CUST-1135
ORD-00250,2024-09-28,Furniture,Tables,South,Same Day,561.42,9,0.12,-137.84,CUST-1362
ORD-01707,2024-09-28,Office Supplies,Art,West,Second Class,351.29,7,0.03,46.26,CUST-1081
ORD-00282,2024-09-28,Furniture,Tables,Central,Second Class,763.86,7,0.15,105.14,CUST-1275
ORD-01581,2024-09-29,Office Supplies,Storage,Central,Second Class,17.36,3,0.29,0.4,CUST-1498
ORD-00879,2024-09-29,Office Supplies,Paper,Central,Same Day,76.84,1,0.18,10.59,CUST-1391
ORD-00292,2024-09-29,Technology,Accessories,East,First Class,614.22,3,0.13,148.53,CUST-1643
ORD-02061,2024-09-30,Technology,Phones,East,Same Day,185.88,9,0.27,13.33,CUST-1653
ORD-01241,2024-09-30,Office Supplies,Art,Central,Same Day,600.97,9,0.02,53.39,CUST-1758
ORD-01374,2024-09-30,Office Supplies,Paper,South,Standard Class,543.01,5,0.1,76.18,CUST-1896
ORD-01675,2024-10-01,Furniture,Chairs,Central,First Class,810.43,9,0.19,105.05,CUST-1111
ORD-02140,2024-10-01,Technology,Accessories,South,Same Day,189.89,1,0.26,19.08,CUST-1431
ORD-02855,2024-10-01,Technology,Phones,South,Second Class,423.23,9,0.28,-54.38,CUST-1085
ORD-00937,2024-10-01,Technology,Accessories,Central,Standard Class,137.21,10,0.13,16.7,CUST-1266
ORD-00543,2024-10-01,Technology,Machines,Central,Second Class,853.61,8,0.14,-124.04,CUST-1231
ORD-00699,2024-10-02,Office Supplies,Storage,South,First Class,573.17,8,0.2,113.85,CUST-1585
ORD-00403,2024-10-02,Office Supplies,Binders,East,Same Day,840.43,8,0.28,196.58,CUST-1932
ORD-03114,2024-10-02,Furniture,Tables,Central,First Class,162.01,9,0.07,39.82,CUST-1194
ORD-01670,2024-10-02,Office Supplies,Art,West,First Class,883.56,1,0.22,320.45,CUST-1940
ORD-00517,2024-10-03,Office Supplies,Binders,Central,Second Class,222.67,6,0.01,78.82,CUST-1706
ORD-02764,2024-10-03,Furniture,Furnishings,East,First Class,286.37,7,0.24,106.7,CUST-1364
ORD-02688,2024-10-04,Office Supplies,Art,South,Same Day,470.2,7,0.1,77.28,CUST-1507
ORD-01205,2024-10-04,Furniture,Furnishings,East,Standard Class,422.14,3,0.14,179.58,CUST-1005
ORD-02368,2024-10-04,Office Supplies,Binders,Central,Second Class,65.06,3,0.07,22.1,CUST-1031
ORD-00726,2024-10-05,Furniture,Furnishings,West,Standard Class,320.58,2,0.03,-31.19,CUST-1730
ORD-01929,2024-10-05,Technology,Phones,Central,Standard Class,958.11,8,0.1,345.92,CUST-1576
ORD-01841,2024-10-05,Office Supplies,Art,West,First Class,300.38,7,0.3,51.71,CUST-1280
ORD-00639,2024-10-06,Furniture,Furnishings,South,Same Day,179.49,6,0.07,-10.66,CUST-1160
ORD-02083,2024-10-06,Technology,Phones,South,Standard Class,631.13,3,0.23,14.39,CUST-1604
ORD-02492,2024-10-06,Technology,Phones,Central,Standard Class,922.55,5,0.19,371.2,CUST-1232
ORD-00891,2024-10-06,Technology,Machines,West,Second Class,916.97,1,0.0,92.21,CUST-1742
ORD-01510,2024-10-07,Office Supplies,Paper,South,Second Class,196.78,8,0.14,-21.78,CUST-1176
ORD-02315,2024-10-07,Office Supplies,Binders,Central,Same Day,181.23,9,0.13,41.76,CUST-1064
ORD-02234,2024-10-07,Office Supplies,Art,East,Second Class,33.35,5,0.27,7.08,CUST-1615
ORD-00669,2024-10-07,Furniture,Tables,South,Standard Class,558.33,1,0.25,-24.46,CUST-1599
ORD-00104,2024-10-07,Technology,Phones,East,Standard Class,790.72,1,0.17,187.63,CUST-1092
ORD-00202,2024-10-08,Furniture,Tables,West,First Class,673.14,9,0.07,-71.2,CUST-1102
ORD-00325,2024-10-08,Office Supplies,Paper,West,First Class,989.51,6,0.14,276.69,CUST-1352
ORD-01467,2024-10-08,Technology,Copiers,Central,Same Day,758.4,7,0.01,234.58,CUST-1504
ORD-00171,2024-10-08,Technology,Copiers,South,Standard Class,653.07,4,0.29,-129.49,CUST-1190
ORD-00148,2024-10-08,Furniture,Chairs,Central,First Class,512.61,9,0.25,156.45,CUST-1038
ORD-02522,2024-10-09,Furniture,Bookcases,East,First Class,296.38,3,0.01,7.95,CUST-1037
ORD-01132,2024-10-09,Furniture,Furnishings,East,Standard Class,358.27,6,0.13,-79.07,CUST-1237
ORD-01160,2024-10-09,Technology,Copiers,Central,Standard Class,320.71,2,0.12,29.36,CUST-1151
ORD-01123,2024-10-09,Furniture,Furnishings,South,Same Day,875.24,10,0.02,279.54,CUST-1305
ORD-01887,2024-10-09,Office Supplies,Art,South,Second Class,786.22,2,0.16,223.08,CUST-1660
ORD-00539,2024-10-10,Technology,Accessories,West,Standard Class,691.65,9,0.27,22.24,CUST-1930
ORD-03149,2024-10-10,Technology,Machines,Central,Second Class,167.04,4,0.09,35.99,CUST-1338
ORD-02691,2024-10-11,Technology,Copiers,South,Standard Class,803.42,9,0.16,-159.12,CUST-1116
ORD-01000,2024-10-12,Office Supplies,Storage,West,Same Day,250.07,4,0.02,-46.5,CUST-1985
ORD-02196,2024-10-12,Technology,Copiers,East,First Class,689.75,2,0.19,183.83,CUST-1997
ORD-02597,2024-10-12,Technology,Machines,West,First Class,286.74,3,0.18,3.26,CUST-1926
ORD-03086,2024-10-13,Technology,Accessories,Central,Same Day,833.89,10,0.02,199.66,CUST-1972
ORD-01704,2024-10-13,Technology,Machines,South,Second Class,600.35,6,0.01,201.44,CUST-1763
ORD-02136,2024-10-13,Office Supplies,Binders,West,Standard Class,514.56,10,0.12,-46.97,CUST-1361
ORD-01114,2024-10-13,Office Supplies,Art,South,First Class,917.0,8,0.11,63.17,CUST-1674
ORD-00870,2024-10-14,Office Supplies,Art,West,Second Class,840.11,10,0.03,-52.71,CUST-1547
ORD-01325,2024-10-14,Technology,Machines,East,First Class,600.24,4,0.26,101.61,CUST-1380
ORD-01732,2024-10-14,Office Supplies,Art,West,Second Class,637.61,3,0.21,146.83,CUST-1867
ORD-02656,2024-10-14,Office Supplies,Paper,South,Same Day,206.44,10,0.02,10.94,CUST-1084
ORD-02459,2024-10-14,Technology,Machines,East,Second Class,720.05,5,0.08,146.1,CUST-1828
ORD-00023,2024-10-14,Office Supplies,Paper,Central,Same Day,257.31,2,0.13,87.1,CUST-1563
ORD-02064,2024-10-15,Technology,Machines,West,Second Class,84.35,3,0.01,21.06,CUST-1046
ORD-00107,2024-10-15,Furniture,Furnishings,Central,First Class,792.78,1,0.08,-146.69,CUST-1377
ORD-03116,2024-10-16,Technology,Phones,East,Same Day,712.37,4,0.04,254.53,CUST-1803
ORD-02671,2024-10-16,Furniture,Furnishings,East,First Class,311.15,7,0.24,-10.47,CUST-1603
ORD-03245,2024-10-16,Office Supplies,Binders,West,Standard Class,686.37,4,0.05,293.26,CUST-1804
ORD-02812,2024-10-16,Office Supplies,Storage,Central,First Class,967.17,10,0.19,-234.06,CUST-1301
ORD-01084,2024-10-17,Furniture,Furnishings,South,Standard Class,30.62,5,0.26,-3.7,CUST-1778
ORD-01139,2024-10-17,Furniture,Tables,South,Same Day,953.51,1,0.15,-221.26,CUST-1284
ORD-03161,2024-10-18,Office Supplies,Binders,West,Second Class,158.17,10,0.13,63.18,CUST-1692
ORD-01558,2024-10-18,Furniture,Chairs,South,Standard Class,400.46,1,0.01,-115.09,CUST-1136
ORD-02724,2024-10-19,Furniture,Furnishings,South,Second Class,679.93,2,0.28,226.08,CUST-1220
ORD-02437,2024-10-19,Office Supplies,Storage,Central,Second Class,136.28,4,0.29,-9.11,CUST-1390
ORD-01455,2024-10-20,Office Supplies,Binders,South,Second Class,231.1,1,0.1,74.85,CUST-1494
ORD-01755,2024-10-20,Technology,Phones,Central,First Class,68.39,1,0.27,5.77,CUST-1425
ORD-03242,2024-10-20,Furniture,Furnishings,West,First Class,400.41,6,0.03,-95.67,CUST-1644
ORD-01001,2024-10-20,Office Supplies,Binders,South,Standard Class,63.54,2,0.2,-12.25,CUST-1857
ORD-00127,2024-10-20,Technology,Machines,East,Second Class,743.56,1,0.03,89.71,CUST-1385
ORD-02479,2024-10-21,Office Supplies,Paper,West,Standard Class,906.24,9,0.2,275.23,CUST-1677
ORD-02630,2024-10-21,Furniture,Tables,South,Second Class,696.48,10,0.21,-46.34,CUST-1065
ORD-02157,2024-10-22,Office Supplies,Storage,East,Same Day,159.51,7,0.29,44.44,CUST-1588
ORD-00789,2024-10-22,Technology,Accessories,South,Same Day,138.09,9,0.26,-21.0,CUST-1217
ORD-01030,2024-10-23,Office Supplies,Art,East,Second Class,897.54,3,0.15,-35.76,CUST-1811
ORD-01888,2024-10-23,Office Supplies,Binders,South,Second Class,441.39,3,0.05,76.54,CUST-1488
ORD-00720,2024-10-23,Office Supplies,Storage,Central,Standard Class,30.86,10,0.01,8.91,CUST-1818
ORD-03169,2024-10-24,Furniture,Furnishings,West,Second Class,167.19,9,0.25,37.35,CUST-1026
ORD-02232,2024-10-24,Office Supplies,Binders,East,Same Day,928.47,4,0.06,-229.42,CUST-1963
ORD-00540,2024-10-24,Technology,Accessories,Central,First Class,561.77,2,0.06,196.24,CUST-1149
ORD-02726,2024-10-24,Office Supplies,Paper,South,Standard Class,372.61,3,0.17,101.55,CUST-1243
ORD-00830,2024-10-25,Furniture,Furnishings,Central,Standard Class,298.15,1,0.16,56.64,CUST-1148
ORD-01552,2024-10-25,Technology,Phones,Central,Standard Class,62.59,8,0.27,18.72,CUST-1893
ORD-01618,2024-10-25,Furniture,Furnishings,Central,Second Class,871.25,4,0.15,340.15,CUST-1447
ORD-00496,2024-10-26,Furniture,Bookcases,South,First Class,547.76,3,0.06,192.17,CUST-1836
ORD-01523,2024-10-26,Office Supplies,Binders,Central,First Class,966.85,9,0.3,-201.27,CUST-1193
ORD-01456,2024-10-26,Office Supplies,Art,South,Standard Class,608.72,9,0.06,199.46,CUST-1192
ORD-02740,2024-10-26,Furniture,Furnishings,East,First Class,84.76,4,0.25,14.75,CUST-1457
ORD-02657,2024-10-26,Furniture,Chairs,West,Standard Class,149.4,5,0.2,10.89,CUST-1909
ORD-01211,2024-10-27,Furniture,Tables,South,First Class,330.1,1,0.04,109.58,CUST-1435
ORD-01282,2024-10-27,Technology,Copiers,South,Standard Class,640.39,1,0.26,78.94,CUST-1151
ORD-00995,2024-10-27,Office Supplies,Paper,South,Same Day,724.13,8,0.24,-115.28,CUST-1437
ORD-03166,2024-10-27,Furniture,Chairs,Central,Second Class,34.64,2,0.05,14.34,CUST-1043
ORD-00919,2024-10-28,Technology,Copiers,West,First Class,602.89,5,0.15,128.57,CUST-1280
ORD-01550,2024-10-28,Office Supplies,Paper,Central,Same Day,252.05,1,0.27,77.82,CUST-1258
ORD-02491,2024-10-28,Technology,Machines,West,First Class,513.95,9,0.23,-52.75,CUST-1038
ORD-01577,2024-10-29,Furniture,Furnishings,West,Second Class,725.54,5,0.23,139.77,CUST-1593
ORD-01222,2024-10-29,Technology,Copiers,East,Second Class,448.96,5,0.18,92.4,CUST-1419
ORD-01459,2024-10-29,Office Supplies,Storage,West,Same Day,760.88,2,0.28,35.47,CUST-1202
ORD-01373,2024-10-29,Furniture,Bookcases,East,Standard Class,574.06,1,0.21,42.02,CUST-1721
ORD-03155,2024-10-29,Office Supplies,Binders,South,Standard Class,39.37,7,0.03,-6.76,CUST-1890
ORD-01564,2024-10-30,Technology,Accessories,West,Second Class,469.7,3,0.28,87.22,CUST-1517
ORD-00036,2024-10-30,Office Supplies,Paper,East,Standard Class,371.01,1,0.27,-35.73,CUST-1255
ORD-02181,2024-10-30,Furniture,Bookcases,Central,First Class,879.86,4,0.0,-249.44,CUST-1561
ORD-02180,2024-10-30,Technology,Phones,West,First Class,997.89,4,0.22,72.65,CUST-1961
ORD-00743,2024-10-30,Furniture,Bookcases,East,Second Class,869.49,3,0.25,195.6,CUST-1842
ORD-02793,2024-10-31,Office Supplies,Binders,South,Same Day,676.61,9,0.22,-44.26,CUST-1195
ORD-00841,2024-10-31,Office Supplies,Paper,East,Standard Class,874.12,9,0.29,253.63,CUST-1214
ORD-02616,2024-10-31,Furniture,Chairs,West,Second Class,267.06,6,0.18,44.04,CUST-1871
ORD-00753,2024-10-31,Furniture,Bookcases,West,Same Day,302.53,1,0.17,108.94,CUST-1525
ORD-01769,2024-11-01,Furniture,Chairs,West,Standard Class,403.16,1,0.16,-54.65,CUST-1904
ORD-01943,2024-11-01,Furniture,Tables,West,Same Day,503.05,3,0.21,-86.4,CUST-1381
ORD-00642,2024-11-01,Technology,Phones,South,First Class,49.66,8,0.22,4.0,CUST-1435
ORD-00633,2024-11-01,Technology,Machines,South,Second Class,168.16,1,0.02,-1.42,CUST-1214
ORD-00449,2024-11-02,Technology,Phones,West,Same Day,902.59,10,0.01,292.28,CUST-1515
ORD-01003,2024-11-02,Furniture,Furnishings,West,Standard Class,475.48,6,0.13,89.3,CUST-1013
ORD-03156,2024-11-02,Technology,Accessories,East,Standard Class,392.34,5,0.13,87.38,CUST-1254
ORD-03283,2024-11-02,Furniture,Furnishings,South,Standard Class,690.12,2,0.2,155.37,CUST-1784
ORD-00215,2024-11-02,Furniture,Bookcases,South,First Class,683.49,10,0.15,243.49,CUST-1456
ORD-01753,2024-11-02,Technology,Phones,West,Standard Class,847.5,3,0.28,-42.51,CUST-1972
ORD-02384,2024-11-02,Furniture,Chairs,East,Second Class,592.68,7,0.23,143.18,CUST-1756
ORD-02648,2024-11-03,Technology,Copiers,West,Standard Class,952.34,4,0.17,138.02,CUST-1779
ORD-00145,2024-11-03,Office Supplies,Binders,West,Standard Class,317.13,7,0.04,81.31,CUST-1086
ORD-02816,2024-11-04,Furniture,Tables,Central,Same Day,682.83,2,0.14,219.49,CUST-1923
ORD-02080,2024-11-04,Technology,Machines,South,Standard Class,698.97,7,0.16,182.58,CUST-1626
ORD-01198,2024-11-04,Furniture,Bookcases,South,First Class,275.46,4,0.23,71.22,CUST-1558
ORD-01315,2024-11-04,Office Supplies,Paper,Central,Same Day,657.08,4,0.23,80.72,CUST-1363
ORD-00347,2024-11-05,Technology,Phones,East,Standard Class,810.1,7,0.29,98.8,CUST-1566
ORD-02665,2024-11-06,Office Supplies,Binders,East,First Class,143.2,6,0.17,32.59,CUST-1685
ORD-00537,2024-11-06,Office Supplies,Storage,West,First Class,732.59,9,0.29,98.8,CUST-1640
ORD-00293,2024-11-06,Office Supplies,Storage,West,First Class,897.63,3,0.23,118.65,CUST-1393
ORD-02386,2024-11-06,Office Supplies,Art,West,Standard Class,99.64,7,0.08,4.57,CUST-1614
ORD-00616,2024-11-06,Technology,Copiers,South,First Class,520.23,8,0.14,10.35,CUST-1745
ORD-00196,2024-11-06,Office Supplies,Paper,South,Same Day,874.09,1,0.21,79.37,CUST-1574
ORD-01342,2024-11-06,Technology,Phones,Central,Second Class,696.76,9,0.05,-114.51,CUST-1696
ORD-03261,2024-11-07,Furniture,Chairs,South,Second Class,126.5,1,0.25,21.79,CUST-1982
ORD-01421,2024-11-07,Furniture,Furnishings,East,Same Day,166.7,9,0.19,35.09,CUST-1287
ORD-01313,2024-11-07,Technology,Copiers,East,Second Class,651.36,6,0.14,181.99,CUST-1757
ORD-01316,2024-11-08,Furniture,Tables,West,Standard Class,189.77,1,0.16,72.63,CUST-1040
ORD-01209,2024-11-08,Furniture,Tables,Central,Second Class,270.31,2,0.04,30.58,CUST-1660
ORD-00761,2024-11-08,Technology,Machines,South,Same Day,29.43,8,0.18,-3.35,CUST-1583
ORD-01543,2024-11-08,Technology,Accessories,West,First Class,332.22,3,0.23,28.29,CUST-1021
ORD-00431,2024-11-08,Technology,Copiers,Central,Same Day,176.95,6,0.07,-20.21,CUST-1757
ORD-00053,2024-11-08,Technology,Accessories,East,Same Day,413.52,9,0.14,-88.97,CUST-1852
ORD-02075,2024-11-08,Furniture,Tables,Central,Second Class,466.48,10,0.22,-90.73,CUST-1488
ORD-01824,2024-11-09,Technology,Copiers,East,Same Day,150.92,6,0.17,-13.21,CUST-1645
ORD-02890,2024-11-09,Technology,Copiers,South,Same Day,741.5,3,0.24,-4.76,CUST-1043
ORD-01219,2024-11-09,Technology,Accessories,West,First Class,425.38,2,0.02,87.54,CUST-1063
ORD-03175,2024-11-09,Technology,Copiers,West,Same Day,527.23,10,0.04,170.73,CUST-1150
ORD-01728,2024-11-11,Furniture,Bookcases,West,Same Day,994.25,1,0.24,94.99,CUST-1697
ORD-01105,2024-11-12,Office Supplies,Art,East,Same Day,627.43,4,0.03,-182.56,CUST-1618
ORD-02984,2024-11-12,Technology,Copiers,West,Second Class,234.58,3,0.29,9.99,CUST-1003
ORD-01383,2024-11-12,Technology,Copiers,West,Same Day,709.3,3,0.15,211.91,CUST-1455
ORD-02028,2024-11-13,Furniture,Bookcases,East,Second Class,170.37,9,0.18,-10.58,CUST-1400
ORD-02221,2024-11-14,Office Supplies,Binders,Central,First Class,586.02,5,0.25,91.82,CUST-1841
ORD-01229,2024-11-14,Technology,Accessories,South,Standard Class,649.55,5,0.06,158.58,CUST-1515
ORD-00316,2024-11-14,Furniture,Tables,South,Same Day,320.89,2,0.16,127.15,CUST-1212
ORD-00489,2024-11-14,Office Supplies,Binders,East,Second Class,350.45,8,0.16,73.66,CUST-1503
ORD-03200,2024-11-15,Furniture,Furnishings,Central,Second Class,352.7,8,0.2,-54.34,CUST-1342
ORD-01417,2024-11-15,Technology,Machines,West,Second Class,417.18,8,0.07,112.81,CUST-1780
ORD-03056,2024-11-16,Office Supplies,Binders,South,First Class,316.62,8,0.01,-3.47,CUST-1001
ORD-01207,2024-11-16,Furniture,Bookcases,West,Standard Class,632.53,4,0.08,207.52,CUST-1888
ORD-03015,2024-11-16,Office Supplies,Art,East,Second Class,327.53,9,0.24,-67.59,CUST-1497
ORD-01636,2024-11-17,Furniture,Chairs,West,Second Class,829.0,4,0.04,54.66,CUST-1677
ORD-02407,2024-11-17,Furniture,Bookcases,West,First Class,498.39,8,0.02,126.76,CUST-1389
ORD-01299,2024-11-17,Office Supplies,Storage,South,Standard Class,236.44,5,0.14,78.28,CUST-1310
ORD-00845,2024-11-17,Office Supplies,Art,East,Second Class,754.11,5,0.13,-12.29,CUST-1597
ORD-00860,2024-11-17,Furniture,Tables,South,Same Day,745.71,7,0.29,207.84,CUST-1133
ORD-02533,2024-11-18,Office Supplies,Paper,East,Same Day,422.32,2,0.08,126.74,CUST-1378
ORD-02054,2024-11-18,Furniture,Bookcases,East,First Class,329.35,7,0.07,-54.73,CUST-1325
ORD-02259,2024-11-18,Technology,Copiers,East,Standard Class,275.52,9,0.12,34.61,CUST-1033
ORD-00183,2024-11-19,Office Supplies,Storage,South,Same Day,211.98,10,0.04,79.2,CUST-1326
ORD-02509,2024-11-19,Technology,Accessories,South,Same Day,381.87,5,0.24,-17.73,CUST-1046
ORD-01538,2024-11-19,Furniture,Tables,West,First Class,979.37,6,0.01,-113.57,CUST-1724
ORD-01002,2024-11-19,Furniture,Tables,Central,Second Class,88.2,2,0.0,32.18,CUST-1426
ORD-01051,2024-11-20,Technology,Copiers,East,Second Class,610.05,9,0.01,66.07,CUST-1156
ORD-01044,2024-11-21,Office Supplies,Paper,East,First Class,35.38,1,0.19,5.0,CUST-1028
ORD-01539,2024-11-21,Furniture,Chairs,Central,First Class,530.0,5,0.14,-29.84,CUST-1879
ORD-00922,2024-11-22,Furniture,Furnishings,Central,Same Day,681.12,6,0.23,6.74,CUST-1540
ORD-02742,2024-11-23,Furniture,Chairs,East,Second Class,540.06,9,0.05,172.84,CUST-1177
ORD-02265,2024-11-23,Technology,Copiers,South,Same Day,979.1,9,0.0,-119.61,CUST-1576
ORD-00409,2024-11-25,Office Supplies,Art,West,First Class,693.69,5,0.06,86.68,CUST-1367
ORD-01029,2024-11-25,Technology,Machines,Central,Same Day,824.79,9,0.23,112.86,CUST-1079
ORD-02242,2024-11-25,Furniture,Furnishings,East,Second Class,302.68,5,0.13,76.5,CUST-1378
ORD-00896,2024-11-26,Furniture,Chairs,East,Same Day,403.69,10,0.29,-67.56,CUST-1931
ORD-01765,2024-11-26,Office Supplies,Art,West,First Class,575.33,5,0.26,69.01,CUST-1975
ORD-00015,2024-11-26,Technology,Phones,Central,Same Day,29.28,6,0.26,7.92,CUST-1314
ORD-01787,2024-11-27,Office Supplies,Paper,South,Standard Class,69.71,10,0.19,3.08,CUST-1738
ORD-02732,2024-11-27,Technology,Phones,South,Second Class,688.46,2,0.22,153.0,CUST-1500
ORD-02082,2024-11-28,Office Supplies,Art,West,Standard Class,674.45,1,0.23,150.88,CUST-1907
ORD-02218,2024-11-30,Furniture,Tables,East,Same Day,555.25,10,0.19,193.36,CUST-1050
ORD-02440,2024-11-30,Furniture,Tables,Central,Same Day,307.17,3,0.1,75.22,CUST-1764
ORD-02278,2024-11-30,Technology,Machines,West,First Class,813.73,1,0.1,217.73,CUST-1551
ORD-01296,2024-11-30,Furniture,Chairs,South,Standard Class,103.62,8,0.1,23.27,CUST-1842
ORD-01236,2024-12-01,Technology,Accessories,Central,Second Class,951.98,10,0.23,-143.74,CUST-1341
ORD-01485,2024-12-01,Office Supplies,Art,West,Standard Class,737.84,6,0.12,106.6,CUST-1381
ORD-02545,2024-12-02,Office Supplies,Art,Central,Same Day,213.06,4,0.18,11.88,CUST-1766
ORD-02987,2024-12-03,Furniture,Furnishings,Central,Same Day,309.68,2,0.3,102.0,CUST-1936
ORD-03248,2024-12-03,Office Supplies,Storage,Central,First Class,710.33,5,0.28,42.33,CUST-1935
ORD-00628,2024-12-03,Office Supplies,Paper,East,Second Class,108.97,10,0.11,-16.86,CUST-1900
ORD-01490,2024-12-03,Technology,Accessories,Central,Same Day,125.75,6,0.16,1.69,CUST-1672
ORD-00437,2024-12-05,Technology,Accessories,South,Second Class,187.35,10,0.2,71.07,CUST-1753
ORD-01343,2024-12-05,Technology,Accessories,West,Same Day,859.71,5,0.01,404.55,CUST-1410
ORD-03238,2024-12-05,Technology,Machines,East,Standard Class,926.74,6,0.18,173.29,CUST-1376
ORD-03107,2024-12-06,Technology,Copiers,West,Same Day,230.94,3,0.24,-47.13,CUST-1483
ORD-02088,2024-12-07,Technology,Machines,East,Standard Class,965.2,2,0.25,354.18,CUST-1167
ORD-00305,2024-12-07,Office Supplies,Paper,Central,First Class,895.33,2,0.07,89.14,CUST-1045
ORD-02129,2024-12-07,Furniture,Furnishings,South,First Class,376.7,3,0.17,12.56,CUST-1433
ORD-02655,2024-12-07,Office Supplies,Storage,South,Same Day,920.66,2,0.04,272.19,CUST-1299
ORD-03189,2024-12-08,Office Supplies,Paper,South,Standard Class,672.26,3,0.02,-153.7,CUST-1291
ORD-00420,2024-12-08,Technology,Phones,East,Second Class,673.63,4,0.26,19.62,CUST-1106
ORD-02432,2024-12-08,Office Supplies,Storage,South,Second Class,377.54,1,0.25,12.39,CUST-1163
ORD-01385,2024-12-08,Furniture,Furnishings,West,Second Class,997.37,6,0.28,318.04,CUST-1561
ORD-01057,2024-12-08,Furniture,Bookcases,South,Standard Class,607.84,9,0.11,-149.34,CUST-1184
ORD-00807,2024-12-08,Furniture,Chairs,South,Standard Class,601.89,7,0.3,157.55,CUST-1217
ORD-01746,2024-12-09,Furniture,Furnishings,Central,Standard Class,983.32,5,0.16,-23.43,CUST-1602
ORD-02808,2024-12-09,Office Supplies,Storage,East,Standard Class,959.38,3,0.1,418.14,CUST-1698
ORD-03220,2024-12-09,Technology,Machines,East,Second Class,217.51,3,0.28,-20.92,CUST-1442
ORD-03133,2024-12-09,Furniture,Chairs,West,Second Class,385.13,9,0.18,0.24,CUST-1007
ORD-01610,2024-12-10,Furniture,Chairs,East,Same Day,226.23,3,0.05,100.12,CUST-1884
ORD-00926,2024-12-10,Furniture,Chairs,Central,Same Day,187.84,1,0.04,20.26,CUST-1346
ORD-00806,2024-12-10,Furniture,Furnishings,South,First Class,10.99,8,0.29,1.53,CUST-1668
ORD-01362,2024-12-11,Office Supplies,Binders,East,Second Class,586.03,9,0.21,68.7,CUST-1774
ORD-02970,2024-12-11,Furniture,Tables,East,Same Day,43.84,2,0.19,9.72,CUST-1333
ORD-03246,2024-12-11,Technology,Copiers,Central,First Class,739.42,3,0.17,306.21,CUST-1446
ORD-00951,2024-12-11,Technology,Accessories,West,First Class,373.38,3,0.15,146.62,CUST-1432
ORD-02205,2024-12-12,Furniture,Bookcases,East,Second Class,827.79,3,0.12,356.57,CUST-1521
ORD-02687,2024-12-12,Furniture,Chairs,South,Standard Class,584.97,4,0.24,67.79,CUST-1108
ORD-02930,2024-12-12,Technology,Accessories,South,First Class,203.64,9,0.14,56.42,CUST-1942
ORD-02563,2024-12-12,Furniture,Tables,East,Standard Class,291.12,1,0.02,-31.39,CUST-1942
ORD-01655,2024-12-14,Technology,Machines,East,First Class,628.77,1,0.12,-59.59,CUST-1616
ORD-00640,2024-12-14,Technology,Accessories,East,Same Day,858.4,8,0.26,-80.57,CUST-1484
ORD-02761,2024-12-14,Furniture,Tables,Central,Same Day,132.84,4,0.01,16.99,CUST-1457
ORD-01423,2024-12-15,Furniture,Bookcases,South,Second Class,452.86,1,0.29,147.03,CUST-1580
ORD-00625,2024-12-15,Technology,Phones,East,First Class,502.17,10,0.07,160.45,CUST-1436
ORD-02891,2024-12-15,Furniture,Bookcases,Central,Second Class,561.51,1,0.2,28.39,CUST-1895
ORD-01934,2024-12-16,Furniture,Bookcases,East,Same Day,725.56,6,0.17,28.3,CUST-1791
ORD-01719,2024-12-16,Furniture,Tables,Central,Standard Class,677.14,2,0.3,115.18,CUST-1675
ORD-00242,2024-12-16,Furniture,Furnishings,South,Standard Class,570.2,2,0.27,181.2,CUST-1235
ORD-03268,2024-12-16,Furniture,Furnishings,Central,First Class,842.32,8,0.06,94.76,CUST-1910
ORD-01811,2024-12-17,Furniture,Chairs,South,First Class,842.62,1,0.19,155.86,CUST-1265
ORD-01238,2024-12-18,Office Supplies,Art,East,Second Class,243.82,4,0.13,59.25,CUST-1157
ORD-02962,2024-12-19,Furniture,Chairs,South,Second Class,294.55,3,0.07,67.81,CUST-1794
ORD-00143,2024-12-19,Furniture,Tables,South,Same Day,528.83,10,0.05,-0.86,CUST-1289
ORD-02741,2024-12-19,Furniture,Chairs,Central,First Class,251.25,5,0.11,-49.1,CUST-1317
ORD-00928,2024-12-19,Technology,Machines,East,Same Day,866.25,7,0.08,177.37,CUST-1376
ORD-02846,2024-12-20,Office Supplies,Paper,East,Standard Class,578.49,4,0.29,155.09,CUST-1860
ORD-00273,2024-12-20,Technology,Accessories,South,Standard Class,148.89,6,0.25,21.83,CUST-1886
ORD-01223,2024-12-20,Technology,Phones,Central,Standard Class,564.95,2,0.1,78.58,CUST-1713
ORD-02676,2024-12-21,Technology,Accessories,Central,Standard Class,73.82,9,0.26,9.84,CUST-1184
ORD-00413,2024-12-21,Technology,Phones,South,First Class,434.22,9,0.08,-68.41,CUST-1866
ORD-00591,2024-12-21,Office Supplies,Paper,West,Same Day,844.89,6,0.25,-111.9,CUST-1893
ORD-01391,2024-12-21,Technology,Copiers,East,First Class,56.74,5,0.12,-0.93,CUST-1550
ORD-02274,2024-12-21,Furniture,Bookcases,West,Second Class,214.23,1,0.29,-15.86,CUST-1068
ORD-01721,2024-12-22,Furniture,Tables,Central,Same Day,969.23,10,0.29,100.48,CUST-1547
ORD-02503,2024-12-22,Furniture,Tables,West,Second Class,683.25,4,0.08,107.3,CUST-1040
ORD-00175,2024-12-22,Office Supplies,Paper,East,Second Class,794.15,4,0.24,-168.38,CUST-1567
ORD-02358,2024-12-22,Furniture,Chairs,Central,Second Class,608.78,7,0.06,268.38,CUST-1577
ORD-00319,2024-12-22,Furniture,Furnishings,South,Second Class,103.78,2,0.24,-14.84,CUST-1012
ORD-02527,2024-12-22,Office Supplies,Paper,South,First Class,798.64,3,0.07,132.33,CUST-1343
ORD-02530,2024-12-22,Technology,Phones,Central,Second Class,442.89,8,0.19,28.28,CUST-1926
ORD-00480,2024-12-23,Office Supplies,Art,Central,Same Day,777.0,8,0.27,2.75,CUST-1293
ORD-00116,2024-12-23,Furniture,Chairs,West,First Class,364.66,4,0.18,-85.93,CUST-1271
ORD-02835,2024-12-23,Furniture,Chairs,Central,First Class,361.01,4,0.26,33.54,CUST-1385
ORD-00162,2024-12-24,Technology,Machines,South,Second Class,813.38,2,0.21,292.29,CUST-1037
ORD-00890,2024-12-25,Office Supplies,Storage,South,Standard Class,459.07,7,0.17,32.26,CUST-1341
ORD-00816,2024-12-25,Furniture,Tables,East,Second Class,267.03,10,0.26,79.99,CUST-1746
ORD-00302,2024-12-25,Furniture,Chairs,West,First Class,172.19,6,0.16,47.21,CUST-1738
ORD-00984,2024-12-26,Furniture,Furnishings,West,Standard Class,30.84,3,0.27,7.97,CUST-1703
ORD-00715,2024-12-26,Technology,Phones,South,First Class,64.77,2,0.09,-3.63,CUST-1065
ORD-01731,2024-12-26,Technology,Copiers,Central,Standard Class,258.69,9,0.12,39.81,CUST-1200
ORD-02796,2024-12-27,Office Supplies,Paper,Central,Standard Class,30.62,5,0.06,10.27,CUST-1022
ORD-01503,2024-12-27,Office Supplies,Binders,Central,Second Class,231.19,10,0.25,-20.29,CUST-1455
ORD-01906,2024-12-28,Office Supplies,Paper,South,Standard Class,411.83,3,0.16,-12.22,CUST-1054
ORD-02360,2024-12-28,Furniture,Bookcases,South,Second Class,592.11,10,0.24,129.25,CUST-1253
ORD-00404,2024-12-28,Technology,Accessories,West,First Class,393.53,10,0.18,-13.72,CUST-1902
ORD-00558,2024-12-29,Office Supplies,Art,East,First Class,770.83,6,0.11,2.16,CUST-1069
ORD-02532,2024-12-29,Office Supplies,Storage,Central,Standard Class,567.09,2,0.08,162.37,CUST-1399
ORD-01363,2024-12-30,Office Supplies,Binders,West,First Class,99.64,10,0.27,16.77,CUST-1872
ORD-02844,2024-12-30,Furniture,Tables,East,Second Class,317.94,10,0.03,127.44,CUST-1783
ORD-00407,2024-12-30,Technology,Copiers,East,Standard Class,566.66,10,0.17,109.93,CUST-1427
ORD-02896,2024-12-30,Technology,Accessories,Central,Same Day,279.39,8,0.13,0.82,CUST-1326
ORD-00467,2024-12-31,Office Supplies,Art,Central,Second Class,895.37,5,0.05,252.56,CUST-1952
ORD-00220,2024-12-31,Technology,Machines,West,Second Class,836.47,1,0.29,41.81,CUST-1736
ORD-01050,2024-12-31,Technology,Phones,East,Standard Class,993.8,8,0.3,125.21,CUST-1005
ORD-02090,2025-01-01,Office Supplies,Art,Central,First Class,772.47,1,0.17,84.44,CUST-1568
ORD-02214,2025-01-01,Technology,Phones,Central,Same Day,541.47,7,0.12,187.23,CUST-1018
ORD-02652,2025-01-01,Office Supplies,Storage,South,Second Class,262.5,2,0.19,74.16,CUST-1727
ORD-02375,2025-01-02,Furniture,Tables,Central,First Class,594.88,9,0.15,-66.76,CUST-1041
ORD-00244,2025-01-02,Office Supplies,Binders,West,Second Class,754.73,7,0.28,-32.92,CUST-1577
ORD-01245,2025-01-02,Furniture,Furnishings,East,Same Day,808.17,6,0.21,-139.74,CUST-1883
ORD-02572,2025-01-03,Office Supplies,Binders,South,First Class,878.18,1,0.29,302.01,CUST-1421
ORD-03073,2025-01-03,Office Supplies,Storage,Central,Second Class,722.15,2,0.29,97.8,CUST-1663
ORD-01244,2025-01-03,Office Supplies,Paper,Central,Standard Class,392.95,8,0.01,181.6,CUST-1431
ORD-01416,2025-01-04,Office Supplies,Binders,West,Same Day,571.72,3,0.08,156.1,CUST-1576
ORD-01837,2025-01-04,Furniture,Furnishings,Central,Second Class,700.02,7,0.27,-135.12,CUST-1116
ORD-01115,2025-01-04,Technology,Copiers,West,Standard Class,592.96,10,0.1,103.52,CUST-1413
ORD-02592,2025-01-04,Office Supplies,Binders,Central,Second Class,247.98,3,0.27,-29.09,CUST-1308
ORD-00710,2025-01-04,Furniture,Tables,South,Second Class,664.2,8,0.08,128.53,CUST-1828
ORD-01583,2025-01-04,Office Supplies,Binders,East,Standard Class,714.25,10,0.11,-189.31,CUST-1494
ORD-00944,2025-01-05,Office Supplies,Storage,South,Second Class,266.47,9,0.21,47.59,CUST-1146
ORD-02169,2025-01-05,Furniture,Bookcases,East,Second Class,954.81,1,0.18,-43.79,CUST-1843
ORD-02805,2025-01-05,Furniture,Bookcases,West,Standard Class,614.59,7,0.17,-19.32,CUST-1904
ORD-02759,2025-01-05,Technology,Accessories,East,Second Class,487.73,1,0.11,77.55,CUST-1286
ORD-02575,2025-01-05,Furniture,Tables,Central,First Class,540.69,8,0.1,-85.43,CUST-1197
ORD-01377,2025-01-06,Furniture,Furnishings,East,Standard Class,98.21,7,0.17,37.43,CUST-1396
ORD-01687,2025-01-07,Furniture,Furnishings,Central,Second Class,408.83,10,0.21,64.28,CUST-1640
ORD-02051,2025-01-07,Office Supplies,Storage,West,Second Class,948.15,10,0.22,23.14,CUST-1274
ORD-00178,2025-01-07,Furniture,Furnishings,East,First Class,522.92,5,0.05,-20.8,CUST-1726
ORD-02862,2025-01-07,Office Supplies,Binders,South,Standard Class,848.73,8,0.08,362.07,CUST-1408
ORD-00658,2025-01-08,Furniture,Tables,West,Second Class,125.75,6,0.17,5.5,CUST-1378
ORD-01714,2025-01-08,Furniture,Tables,Central,Same Day,179.9,9,0.1,58.9,CUST-1803
ORD-01297,2025-01-09,Furniture,Chairs,West,Second Class,314.13,5,0.1,35.15,CUST-1105
ORD-00946,2025-01-09,Office Supplies,Art,South,Standard Class,283.06,7,0.16,65.33,CUST-1945
ORD-01522,2025-01-09,Technology,Machines,Central,Second Class,397.71,5,0.28,19.26,CUST-1349
ORD-00865,2025-01-10,Technology,Phones,South,First Class,247.3,3,0.08,46.06,CUST-1298
ORD-01903,2025-01-10,Furniture,Furnishings,Central,Second Class,971.11,6,0.13,100.72,CUST-1902
ORD-03008,2025-01-10,Technology,Copiers,West,Same Day,562.36,4,0.1,-71.62,CUST-1847
ORD-01099,2025-01-10,Office Supplies,Storage,East,Second Class,531.31,6,0.15,112.06,CUST-1366
ORD-03204,2025-01-10,Office Supplies,Art,East,Standard Class,350.7,3,0.19,118.64,CUST-1433
ORD-02988,2025-01-10,Office Supplies,Storage,West,Same Day,166.87,3,0.1,-35.48,CUST-1947
ORD-00236,2025-01-11,Technology,Phones,East,First Class,945.74,1,0.23,21.78,CUST-1862
ORD-02852,2025-01-11,Technology,Phones,West,Same Day,939.37,10,0.08,-153.69,CUST-1426
ORD-02620,2025-01-11,Office Supplies,Storage,West,Standard Class,72.98,3,0.15,30.69,CUST-1323
ORD-02693,2025-01-11,Office Supplies,Art,West,Same Day,565.57,8,0.1,35.86,CUST-1050
ORD-00659,2025-01-12,Furniture,Chairs,Central,Standard Class,156.46,8,0.16,-22.33,CUST-1308
ORD-01605,2025-01-13,Technology,Phones,West,First Class,368.91,2,0.29,82.35,CUST-1325
ORD-00542,2025-01-13,Furniture,Bookcases,West,Second Class,238.6,1,0.11,53.2,CUST-1488
ORD-02052,2025-01-13,Office Supplies,Storage,South,Standard Class,796.84,3,0.27,89.46,CUST-1017
ORD-00611,2025-01-13,Furniture,Tables,Central,Standard Class,472.29,2,0.19,167.62,CUST-1283
ORD-03243,2025-01-13,Furniture,Bookcases,Central,Same Day,302.44,5,0.1,-68.58,CUST-1209
ORD-02933,2025-01-14,Furniture,Furnishings,West,First Class,289.12,9,0.25,3.43,CUST-1050
ORD-01508,2025-01-14,Technology,Machines,East,First Class,239.93,3,0.09,64.91,CUST-1400
ORD-01999,2025-01-14,Furniture,Furnishings,South,First Class,465.78,6,0.21,173.34,CUST-1547
ORD-01897,2025-01-15,Office Supplies,Binders,East,Standard Class,235.14,8,0.02,35.86,CUST-1204
ORD-01393,2025-01-15,Furniture,Bookcases,East,Second Class,500.32,10,0.19,-116.52,CUST-1944
ORD-02246,2025-01-15,Office Supplies,Art,East,Standard Class,508.22,6,0.21,95.3,CUST-1392
ORD-00494,2025-01-15,Furniture,Bookcases,Central,Second Class,718.04,1,0.07,-119.83,CUST-1505
ORD-02834,2025-01-15,Office Supplies,Storage,Central,First Class,322.39,8,0.2,51.2,CUST-1432
ORD-01338,2025-01-16,Office Supplies,Art,South,Same Day,666.62,6,0.23,-46.05,CUST-1800
ORD-01231,2025-01-16,Office Supplies,Paper,South,Standard Class,378.56,7,0.2,127.51,CUST-1330
ORD-02042,2025-01-16,Furniture,Tables,East,First Class,979.53,2,0.16,389.03,CUST-1042
ORD-00443,2025-01-17,Furniture,Bookcases,East,Second Class,420.47,6,0.22,27.95,CUST-1490
ORD-01663,2025-01-17,Office Supplies,Paper,Central,Standard Class,548.03,3,0.09,233.08,CUST-1933
ORD-03263,2025-01-19,Technology,Machines,West,First Class,430.28,8,0.01,-10.1,CUST-1622
ORD-02637,2025-01-19,Furniture,Bookcases,Central,First Class,909.02,4,0.11,291.17,CUST-1992
ORD-00985,2025-01-19,Furniture,Tables,East,Same Day,252.8,7,0.03,29.77,CUST-1744
ORD-03080,2025-01-19,Office Supplies,Art,South,Standard Class,406.64,10,0.16,60.38,CUST-1015
ORD-01073,2025-01-19,Office Supplies,Binders,Central,Second Class,815.86,9,0.15,-34.2,CUST-1967
ORD-00916,2025-01-20,Technology,Phones,Central,Second Class,854.8,7,0.17,-211.89,CUST-1063
ORD-01492,2025-01-20,Technology,Phones,East,Same Day,152.91,2,0.21,-6.61,CUST-1773
ORD-00092,2025-01-21,Technology,Accessories,South,Second Class,857.45,7,0.01,251.07,CUST-1722
ORD-00964,2025-01-21,Technology,Accessories,West,First Class,140.97,1,0.08,-18.97,CUST-1149
ORD-00897,2025-01-21,Office Supplies,Paper,South,Standard Class,694.92,9,0.29,111.9,CUST-1391
ORD-03148,2025-01-22,Office Supplies,Art,West,Standard Class,685.3,1,0.22,-64.48,CUST-1783
ORD-00733,2025-01-22,Office Supplies,Paper,South,Second Class,38.49,5,0.07,2.18,CUST-1254
ORD-02376,2025-01-23,Office Supplies,Paper,Central,Standard Class,282.31,8,0.09,48.08,CUST-1798
ORD-00917,2025-01-23,Office Supplies,Storage,Central,Standard Class,799.54,3,0.16,121.76,CUST-1227
ORD-01397,2025-01-23,Office Supplies,Art,East,Same Day,51.38,8,0.04,12.41,CUST-1072
ORD-00369,2025-01-23,Office Supplies,Paper,South,Standard Class,512.24,3,0.25,154.13,CUST-1185
ORD-02091,2025-01-24,Technology,Phones,Central,Same Day,312.07,9,0.17,50.53,CUST-1754
ORD-00468,2025-01-24,Office Supplies,Paper,West,Second Class,874.02,4,0.07,299.09,CUST-1856
ORD-00950,2025-01-24,Technology,Phones,South,Standard Class,251.78,9,0.21,-52.93,CUST-1459
ORD-03101,2025-01-24,Office Supplies,Art,East,First Class,183.46,6,0.1,32.26,CUST-1581
ORD-01598,2025-01-24,Technology,Machines,East,Second Class,836.17,8,0.17,46.0,CUST-1329
ORD-01478,2025-01-25,Office Supplies,Art,East,Standard Class,423.31,1,0.09,-104.78,CUST-1122
ORD-01614,2025-01-26,Technology,Copiers,West,Second Class,816.3,10,0.04,185.58,CUST-1135
ORD-01226,2025-01-26,Technology,Accessories,Central,First Class,385.52,5,0.05,-68.73,CUST-1323
ORD-02461,2025-01-26,Office Supplies,Paper,East,Second Class,105.41,8,0.2,6.49,CUST-1545
ORD-02095,2025-01-27,Office Supplies,Art,South,Same Day,573.79,9,0.23,190.51,CUST-1934
ORD-02574,2025-01-28,Technology,Phones,East,Standard Class,871.48,3,0.04,-155.39,CUST-1151
ORD-00632,2025-01-28,Furniture,Chairs,Central,Second Class,469.57,4,0.08,-62.65,CUST-1815
ORD-00874,2025-01-28,Technology,Phones,West,First Class,798.95,3,0.22,-165.01,CUST-1524
ORD-00885,2025-01-29,Furniture,Tables,West,Second Class,100.84,10,0.16,28.48,CUST-1209
ORD-01780,2025-01-29,Office Supplies,Storage,Central,Second Class,540.79,3,0.14,186.73,CUST-1830
ORD-02160,2025-01-29,Office Supplies,Storage,South,First Class,690.67,4,0.02,-196.56,CUST-1559
ORD-02445,2025-01-29,Technology,Accessories,East,Same Day,162.62,7,0.24,-32.06,CUST-1556
ORD-02380,2025-01-29,Office Supplies,Binders,East,Standard Class,513.79,6,0.1,135.76,CUST-1746
ORD-00828,2025-01-31,Technology,Accessories,Central,Standard Class,426.8,10,0.13,-39.17,CUST-1816
ORD-03165,2025-01-31,Technology,Accessories,West,First Class,743.23,3,0.17,1.44,CUST-1664
ORD-01944,2025-02-01,Furniture,Tables,East,Same Day,342.11,1,0.12,5.03,CUST-1002
ORD-01677,2025-02-02,Furniture,Tables,West,Second Class,82.77,8,0.08,-2.27,CUST-1078
ORD-01690,2025-02-02,Furniture,Tables,East,Second Class,840.79,4,0.09,-143.05,CUST-1992
ORD-02770,2025-02-02,Office Supplies,Binders,West,First Class,475.5,9,0.1,69.63,CUST-1772
ORD-01293,2025-02-02,Technology,Machines,East,Standard Class,757.01,10,0.08,142.7,CUST-1336
ORD-00373,2025-02-02,Technology,Phones,South,Standard Class,418.98,3,0.04,-56.22,CUST-1419
ORD-01559,2025-02-02,Office Supplies,Paper,South,Second Class,432.64,10,0.08,172.29,CUST-1000
ORD-02521,2025-02-03,Furniture,Tables,South,Standard Class,977.04,6,0.27,-203.21,CUST-1334
ORD-02112,2025-02-03,Furniture,Tables,South,First Class,875.11,2,0.21,-74.86,CUST-1659
ORD-00925,2025-02-04,Technology,Phones,Central,First Class,681.53,3,0.11,294.89,CUST-1695
ORD-01332,2025-02-05,Furniture,Tables,West,Second Class,233.3,2,0.22,49.83,CUST-1289
ORD-01585,2025-02-06,Office Supplies,Binders,South,Standard Class,543.4,8,0.01,-18.25,CUST-1417
ORD-02374,2025-02-06,Technology,Accessories,East,Same Day,990.67,6,0.02,34.21,CUST-1775
ORD-00849,2025-02-06,Technology,Copiers,Central,Standard Class,747.76,5,0.06,128.79,CUST-1141
ORD-00043,2025-02-07,Office Supplies,Storage,East,Standard Class,626.92,2,0.22,-29.21,CUST-1316
ORD-01201,2025-02-08,Office Supplies,Binders,East,Same Day,500.23,9,0.15,127.22,CUST-1560
ORD-00268,2025-02-08,Office Supplies,Storage,South,First Class,707.69,4,0.08,171.24,CUST-1815
ORD-01436,2025-02-08,Technology,Machines,West,Same Day,295.18,10,0.26,-54.82,CUST-1189
ORD-02520,2025-02-09,Furniture,Chairs,Central,Standard Class,187.41,4,0.0,-51.24,CUST-1189
ORD-03055,2025-02-09,Furniture,Chairs,East,First Class,318.93,6,0.28,59.23,CUST-1237
ORD-03058,2025-02-09,Furniture,Bookcases,Central,Same Day,279.05,8,0.04,83.49,CUST-1468
ORD-00079,2025-02-09,Office Supplies,Binders,West,Second Class,909.33,3,0.02,-149.05,CUST-1314
ORD-01977,2025-02-10,Furniture,Tables,South,Standard Class,357.55,3,0.16,3.79,CUST-1928
ORD-00062,2025-02-10,Furniture,Tables,East,Standard Class,851.79,10,0.24,218.15,CUST-1579
ORD-02942,2025-02-11,Office Supplies,Paper,Central,Second Class,685.62,10,0.19,-164.71,CUST-1370
ORD-00191,2025-02-11,Technology,Machines,East,First Class,48.52,6,0.24,4.26,CUST-1152
ORD-00152,2025-02-12,Technology,Accessories,Central,First Class,644.77,6,0.17,-116.63,CUST-1866
ORD-01098,2025-02-12,Office Supplies,Paper,South,Second Class,308.05,2,0.09,123.82,CUST-1472
ORD-01303,2025-02-12,Furniture,Furnishings,Central,First Class,83.68,3,0.1,6.31,CUST-1738
ORD-02719,2025-02-13,Furniture,Furnishings,Central,Same Day,104.51,3,0.25,18.36,CUST-1850
ORD-02402,2025-02-13,Office Supplies,Art,South,Standard Class,238.95,2,0.17,71.3,CUST-1992
ORD-01272,2025-02-13,Office Supplies,Paper,Central,First Class,895.5,4,0.17,50.06,CUST-1700
ORD-02443,2025-02-13,Technology,Copiers,Central,Same Day,312.89,10,0.18,122.63,CUST-1991
ORD-01109,2025-02-14,Office Supplies,Storage,Central,Standard Class,670.86,10,0.15,133.53,CUST-1400
ORD-00018,2025-02-15,Technology,Copiers,South,Standard Class,443.72,9,0.14,-38.8,CUST-1065
ORD-00256,2025-02-15,Office Supplies,Art,West,Same Day,969.04,5,0.22,155.95,CUST-1990
ORD-02674,2025-02-15,Furniture,Chairs,East,First Class,725.16,10,0.02,253.42,CUST-1602
ORD-02302,2025-02-15,Technology,Accessories,West,Second Class,304.9,8,0.03,135.96,CUST-1227
ORD-00532,2025-02-15,Technology,Copiers,East,Same Day,658.21,1,0.02,147.26,CUST-1678
ORD-02178,2025-02-16,Office Supplies,Paper,West,Standard Class,979.85,5,0.16,88.8,CUST-1276
ORD-00564,2025-02-16,Technology,Copiers,Central,First Class,314.69,9,0.16,82.9,CUST-1116
ORD-02794,2025-02-16,Office Supplies,Paper,West,Standard Class,216.6,6,0.03,97.83,CUST-1539
ORD-00550,2025-02-17,Office Supplies,Binders,Central,Standard Class,694.8,3,0.22,-109.02,CUST-1116
ORD-01010,2025-02-17,Technology,Phones,West,Standard Class,94.19,10,0.17,11.8,CUST-1809
ORD-01700,2025-02-17,Furniture,Chairs,West,Standard Class,825.32,1,0.01,-201.83,CUST-1540
ORD-02618,2025-02-17,Technology,Machines,South,Standard Class,574.42,6,0.27,182.61,CUST-1142
ORD-01881,2025-02-18,Office Supplies,Paper,South,Same Day,167.71,10,0.14,-41.49,CUST-1239
ORD-01302,2025-02-18,Furniture,Bookcases,Central,Standard Class,33.44,7,0.24,-1.0,CUST-1573
ORD-02673,2025-02-19,Technology,Phones,West,Second Class,327.07,7,0.25,104.91,CUST-1390
ORD-01949,2025-02-19,Furniture,Furnishings,South,First Class,506.08,6,0.12,181.63,CUST-1992
ORD-02150,2025-02-19,Office Supplies,Paper,East,Same Day,213.49,8,0.13,55.34,CUST-1984
ORD-02729,2025-02-19,Technology,Copiers,West,Same Day,884.1,6,0.07,276.62,CUST-1907
ORD-02972,2025-02-19,Technology,Phones,Central,Second Class,807.51,10,0.11,19.37,CUST-1590
ORD-02681,2025-02-19,Technology,Machines,Central,Second Class,103.72,10,0.3,21.61,CUST-1143
ORD-02957,2025-02-20,Technology,Phones,Central,Same Day,533.14,6,0.22,-120.96,CUST-1444
ORD-01764,2025-02-20,Office Supplies,Art,Central,Same Day,130.93,8,0.22,41.46,CUST-1224
ORD-02840,2025-02-20,Office Supplies,Binders,West,First Class,149.94,9,0.11,-11.47,CUST-1967
ORD-00939,2025-02-21,Furniture,Bookcases,West,Standard Class,568.01,9,0.18,16.65,CUST-1157
ORD-02334,2025-02-21,Furniture,Furnishings,East,Same Day,740.16,1,0.16,222.51,CUST-1315
ORD-02644,2025-02-22,Office Supplies,Binders,South,First Class,115.64,9,0.28,3.28,CUST-1818
ORD-02754,2025-02-23,Technology,Accessories,East,Standard Class,951.91,2,0.02,61.26,CUST-1797
ORD-02634,2025-02-23,Furniture,Furnishings,South,Same Day,32.71,9,0.05,14.97,CUST-1553
ORD-00773,2025-02-24,Office Supplies,Paper,Central,Same Day,764.35,8,0.22,-131.5,CUST-1662
ORD-01534,2025-02-24,Office Supplies,Paper,East,Same Day,176.7,7,0.06,-8.08,CUST-1414
ORD-00421,2025-02-25,Technology,Machines,East,Second Class,33.52,6,0.01,-8.01,CUST-1182
ORD-01072,2025-02-25,Technology,Phones,East,Same Day,69.66,1,0.2,4.15,CUST-1394
ORD-00861,2025-02-25,Office Supplies,Storage,South,Second Class,607.67,5,0.18,50.82,CUST-1701
ORD-02257,2025-02-26,Furniture,Chairs,West,Second Class,944.26,3,0.14,-174.49,CUST-1076
ORD-00265,2025-02-27,Technology,Machines,Central,Same Day,106.65,8,0.1,-5.74,CUST-1829
ORD-02387,2025-02-27,Furniture,Tables,Central,Same Day,140.83,1,0.28,18.65,CUST-1479
ORD-03237,2025-02-27,Office Supplies,Art,West,Standard Class,409.66,1,0.04,88.39,CUST-1502
ORD-03256,2025-02-27,Furniture,Furnishings,West,Second Class,762.77,7,0.15,319.87,CUST-1997
ORD-02429,2025-02-28,Technology,Copiers,East,Second Class,384.67,1,0.1,-17.12,CUST-1638
ORD-02647,2025-02-28,Office Supplies,Paper,Central,Standard Class,647.19,2,0.18,19.95,CUST-1450
ORD-03025,2025-02-28,Furniture,Bookcases,South,First Class,392.01,4,0.17,-67.97,CUST-1990
ORD-00556,2025-03-01,Furniture,Tables,West,First Class,656.74,1,0.04,-172.78,CUST-1591
ORD-00385,2025-03-01,Technology,Machines,Central,Second Class,12.71,2,0.27,3.42,CUST-1685
ORD-02208,2025-03-01,Office Supplies,Binders,East,Same Day,975.22,2,0.24,-42.51,CUST-1579
ORD-02130,2025-03-01,Furniture,Bookcases,East,Standard Class,747.07,9,0.23,174.66,CUST-1475
ORD-02651,2025-03-02,Furniture,Tables,East,Second Class,790.81,6,0.06,312.78,CUST-1473
ORD-03010,2025-03-02,Furniture,Tables,West,Same Day,317.12,3,0.05,92.34,CUST-1955
ORD-00230,2025-03-03,Office Supplies,Art,East,Second Class,937.79,2,0.22,221.98,CUST-1936
ORD-00510,2025-03-03,Technology,Machines,East,Same Day,803.01,1,0.11,210.67,CUST-1911
ORD-03208,2025-03-03,Office Supplies,Storage,West,First Class,119.77,5,0.25,10.99,CUST-1806
ORD-02435,2025-03-03,Furniture,Tables,South,Standard Class,843.69,10,0.24,-60.18,CUST-1935
ORD-00815,2025-03-04,Furniture,Tables,South,First Class,871.22,10,0.15,-121.17,CUST-1198
ORD-00769,2025-03-04,Technology,Phones,East,Standard Class,882.1,6,0.2,-113.07,CUST-1880
ORD-00560,2025-03-04,Technology,Phones,East,First Class,488.83,10,0.28,172.12,CUST-1294
ORD-00853,2025-03-05,Office Supplies,Storage,East,Standard Class,147.56,3,0.09,38.97,CUST-1511
ORD-01579,2025-03-05,Office Supplies,Binders,Central,Second Class,396.89,6,0.02,-106.92,CUST-1873
ORD-00650,2025-03-05,Technology,Accessories,Central,Standard Class,898.95,9,0.2,-56.3,CUST-1064
ORD-01049,2025-03-06,Technology,Machines,South,Standard Class,637.22,8,0.24,-75.62,CUST-1010
ORD-00033,2025-03-07,Technology,Copiers,West,Standard Class,510.35,5,0.27,140.41,CUST-1094
ORD-00473,2025-03-07,Office Supplies,Binders,Central,Standard Class,616.65,5,0.06,-52.01,CUST-1275
ORD-00921,2025-03-07,Technology,Accessories,East,Second Class,858.21,7,0.09,274.91,CUST-1934
ORD-01169,2025-03-07,Office Supplies,Art,Central,First Class,353.87,3,0.04,-27.49,CUST-1449
ORD-02815,2025-03-08,Technology,Copiers,South,Same Day,749.74,4,0.07,90.49,CUST-1690
ORD-00243,2025-03-08,Technology,Machines,Central,First Class,924.92,5,0.27,101.82,CUST-1033
ORD-01612,2025-03-08,Technology,Machines,West,Standard Class,350.83,7,0.29,7.28,CUST-1592
ORD-01871,2025-03-10,Furniture,Tables,East,First Class,818.05,1,0.06,-122.59,CUST-1002
ORD-02419,2025-03-11,Technology,Accessories,West,Same Day,296.2,1,0.06,41.36,CUST-1136
ORD-03207,2025-03-12,Office Supplies,Binders,Central,Same Day,190.18,8,0.1,84.35,CUST-1715
ORD-02596,2025-03-12,Furniture,Tables,Central,Standard Class,365.25,4,0.25,-11.58,CUST-1550
ORD-00627,2025-03-12,Furniture,Tables,Central,First Class,129.54,3,0.23,-16.51,CUST-1378
ORD-00834,2025-03-12,Furniture,Furnishings,Central,Same Day,213.26,3,0.25,-47.12,CUST-1010
ORD-01900,2025-03-12,Office Supplies,Art,West,Standard Class,286.24,8,0.23,6.77,CUST-1750
ORD-01979,2025-03-12,Furniture,Tables,West,Second Class,643.54,8,0.07,115.36,CUST-1915
ORD-01025,2025-03-13,Office Supplies,Binders,South,First Class,937.1,6,0.24,343.88,CUST-1218
ORD-01178,2025-03-14,Furniture,Furnishings,East,Same Day,562.16,4,0.21,-119.44,CUST-1704
ORD-03251,2025-03-14,Technology,Machines,West,Same Day,433.24,7,0.03,39.86,CUST-1297
ORD-01762,2025-03-14,Technology,Machines,West,First Class,735.48,6,0.2,98.93,CUST-1655
ORD-00686,2025-03-14,Technology,Machines,Central,Second Class,445.27,2,0.05,-6.83,CUST-1388
ORD-03035,2025-03-14,Furniture,Furnishings,South,Same Day,796.66,1,0.2,-140.51,CUST-1507
ORD-01741,2025-03-15,Office Supplies,Storage,East,Second Class,800.82,8,0.26,-156.07,CUST-1982
ORD-01631,2025-03-15,Furniture,Bookcases,East,First Class,263.89,10,0.12,114.5,CUST-1658
ORD-01292,2025-03-16,Technology,Machines,Central,First Class,585.9,2,0.22,24.73,CUST-1658
ORD-00004,2025-03-16,Office Supplies,Binders,East,Same Day,105.75,6,0.18,29.98,CUST-1747
ORD-02884,2025-03-16,Office Supplies,Paper,South,Same Day,416.11,1,0.17,40.04,CUST-1260
ORD-00318,2025-03-16,Office Supplies,Paper,East,Second Class,968.72,7,0.15,199.06,CUST-1266
ORD-00121,2025-03-16,Office Supplies,Storage,West,Same Day,345.54,8,0.12,86.26,CUST-1320
ORD-02361,2025-03-17,Office Supplies,Storage,South,Same Day,713.01,8,0.18,-1.32,CUST-1799
ORD-02601,2025-03-17,Furniture,Tables,West,First Class,309.05,6,0.0,-55.33,CUST-1428
ORD-01641,2025-03-17,Office Supplies,Storage,West,Same Day,286.38,5,0.18,103.55,CUST-1817
ORD-00130,2025-03-17,Technology,Phones,Central,Same Day,119.78,10,0.15,23.79,CUST-1046
ORD-00115,2025-03-18,Furniture,Bookcases,West,First Class,284.5,3,0.3,26.32,CUST-1817
ORD-01052,2025-03-18,Office Supplies,Binders,West,First Class,334.26,4,0.03,82.12,CUST-1129
ORD-01986,2025-03-19,Technology,Accessories,West,Second Class,920.45,9,0.01,-196.0,CUST-1622
ORD-00071,2025-03-19,Technology,Machines,Central,Standard Class,980.71,4,0.09,-10.08,CUST-1309
ORD-00495,2025-03-20,Office Supplies,Storage,Central,Same Day,997.98,8,0.21,-216.5,CUST-1082
ORD-01761,2025-03-20,Technology,Accessories,East,Standard Class,189.97,3,0.17,24.2,CUST-1629
ORD-01474,2025-03-20,Technology,Phones,Central,First Class,224.26,3,0.26,-22.39,CUST-1969
ORD-01413,2025-03-20,Technology,Accessories,West,Standard Class,901.35,9,0.26,222.55,CUST-1383
ORD-02127,2025-03-21,Technology,Phones,West,Standard Class,754.47,9,0.03,-171.59,CUST-1251
ORD-01710,2025-03-22,Office Supplies,Binders,Central,Standard Class,271.95,1,0.22,-35.01,CUST-1592
ORD-00500,2025-03-22,Furniture,Tables,South,Standard Class,24.92,5,0.18,0.34,CUST-1248
ORD-00285,2025-03-22,Office Supplies,Paper,South,Standard Class,329.64,5,0.1,48.16,CUST-1579
ORD-01923,2025-03-22,Technology,Accessories,Central,Standard Class,585.24,6,0.26,-122.82,CUST-1402
ORD-03145,2025-03-22,Office Supplies,Binders,South,Second Class,66.22,8,0.2,-11.75,CUST-1703
ORD-02490,2025-03-23,Office Supplies,Paper,East,Standard Class,586.47,8,0.11,138.39,CUST-1164
ORD-00417,2025-03-23,Technology,Machines,East,First Class,672.25,8,0.07,133.67,CUST-1940
ORD-03226,2025-03-23,Furniture,Tables,South,Second Class,748.01,3,0.05,-17.4,CUST-1946
ORD-02534,2025-03-24,Furniture,Furnishings,Central,Second Class,295.66,8,0.23,104.54,CUST-1945
ORD-01096,2025-03-24,Furniture,Furnishings,Central,Second Class,813.59,7,0.13,335.17,CUST-1100
ORD-02718,2025-03-26,Technology,Machines,East,Same Day,144.36,3,0.16,-25.94,CUST-1466
ORD-02469,2025-03-26,Technology,Machines,East,Same Day,628.43,10,0.01,-111.24,CUST-1175
ORD-02318,2025-03-27,Office Supplies,Binders,Central,Same Day,59.41,8,0.25,9.27,CUST-1754
ORD-03137,2025-03-27,Furniture,Furnishings,Central,Second Class,518.23,9,0.26,42.06,CUST-1524
ORD-00131,2025-03-27,Office Supplies,Binders,East,Second Class,308.41,4,0.23,73.93,CUST-1296
ORD-00663,2025-03-27,Office Supplies,Art,East,Standard Class,64.48,4,0.18,-6.47,CUST-1958
ORD-03097,2025-03-28,Furniture,Furnishings,Central,First Class,608.95,9,0.01,90.15,CUST-1490
ORD-00263,2025-03-28,Office Supplies,Art,South,Same Day,774.62,10,0.21,-109.79,CUST-1025
ORD-03126,2025-03-28,Furniture,Furnishings,Central,First Class,969.68,1,0.08,420.25,CUST-1821
ORD-02426,2025-03-28,Furniture,Chairs,East,Same Day,790.72,4,0.06,-130.98,CUST-1792
ORD-00523,2025-03-28,Furniture,Chairs,South,Same Day,755.31,10,0.15,-78.54,CUST-1296
ORD-00118,2025-03-29,Technology,Phones,Central,Same Day,646.91,1,0.02,52.74,CUST-1411
ORD-03224,2025-03-30,Office Supplies,Art,Central,Same Day,250.29,7,0.05,110.15,CUST-1132
ORD-00966,2025-03-30,Office Supplies,Storage,South,First Class,514.77,1,0.09,-39.63,CUST-1287
ORD-01981,2025-03-30,Office Supplies,Paper,West,Second Class,428.99,2,0.15,174.15,CUST-1480
ORD-00154,2025-03-30,Office Supplies,Art,East,Same Day,62.72,9,0.11,0.5,CUST-1083
ORD-02195,2025-03-31,Office Supplies,Storage,East,First Class,301.71,3,0.19,120.72,CUST-1573
ORD-00884,2025-03-31,Technology,Machines,Central,Second Class,447.94,1,0.02,40.96,CUST-1976
ORD-01984,2025-03-31,Technology,Accessories,East,Same Day,669.56,7,0.28,149.27,CUST-1546
ORD-00039,2025-03-31,Furniture,Furnishings,Central,Standard Class,822.33,4,0.07,174.39,CUST-1408
ORD-02351,2025-04-01,Office Supplies,Art,West,First Class,190.81,5,0.17,3.81,CUST-1835
ORD-01170,2025-04-03,Furniture,Bookcases,Central,First Class,925.27,5,0.04,-119.49,CUST-1858
ORD-00914,2025-04-03,Technology,Phones,Central,Same Day,911.07,7,0.2,239.11,CUST-1989
ORD-01946,2025-04-04,Furniture,Chairs,East,Second Class,990.76,2,0.12,354.65,CUST-1702
ORD-02538,2025-04-04,Office Supplies,Art,West,Standard Class,416.72,6,0.15,15.35,CUST-1684
ORD-00729,2025-04-04,Furniture,Chairs,West,First Class,974.39,4,0.08,341.96,CUST-1050
ORD-00819,2025-04-04,Furniture,Bookcases,South,Same Day,323.08,7,0.06,-71.23,CUST-1585
ORD-00752,2025-04-04,Technology,Accessories,South,First Class,297.8,7,0.02,99.59,CUST-1307
ORD-02548,2025-04-04,Furniture,Bookcases,West,First Class,42.53,7,0.03,-0.83,CUST-1791
ORD-02918,2025-04-05,Office Supplies,Storage,South,Same Day,770.94,2,0.29,-46.84,CUST-1986
ORD-01514,2025-04-05,Technology,Accessories,South,Same Day,649.58,3,0.07,70.68,CUST-1509
ORD-00227,2025-04-06,Office Supplies,Paper,South,First Class,566.76,7,0.17,-90.66,CUST-1248
ORD-00179,2025-04-06,Office Supplies,Art,East,Standard Class,204.34,9,0.08,37.6,CUST-1629
ORD-02168,2025-04-06,Office Supplies,Art,West,Second Class,366.94,2,0.19,-85.51,CUST-1350
ORD-00241,2025-04-07,Office Supplies,Binders,East,First Class,411.23,7,0.17,-87.07,CUST-1009
ORD-02993,2025-04-08,Office Supplies,Binders,Central,Second Class,300.08,10,0.26,104.1,CUST-1641
ORD-01834,2025-04-08,Office Supplies,Paper,South,Same Day,947.71,9,0.13,190.08,CUST-1632
ORD-01976,2025-04-09,Technology,Phones,West,Same Day,533.8,2,0.15,-76.42,CUST-1035
ORD-01411,2025-04-09,Office Supplies,Paper,Central,Second Class,942.46,7,0.27,47.1,CUST-1463
ORD-02493,2025-04-09,Furniture,Bookcases,East,Same Day,855.99,6,0.02,-18.82,CUST-1756
ORD-02072,2025-04-10,Furniture,Tables,South,Second Class,222.35,8,0.12,58.23,CUST-1517
ORD-00538,2025-04-10,Office Supplies,Paper,West,Same Day,970.83,10,0.1,116.9,CUST-1211
ORD-01360,2025-04-11,Office Supplies,Art,East,First Class,643.06,6,0.19,110.21,CUST-1774
ORD-02470,2025-04-11,Office Supplies,Binders,East,Same Day,323.19,5,0.26,64.95,CUST-1642
ORD-03231,2025-04-12,Furniture,Tables,West,First Class,965.19,3,0.09,159.71,CUST-1360
ORD-03093,2025-04-12,Technology,Accessories,Central,Second Class,790.51,9,0.04,310.76,CUST-1824
ORD-01395,2025-04-12,Office Supplies,Storage,East,Second Class,150.25,4,0.19,-11.37,CUST-1944
ORD-00947,2025-04-13,Office Supplies,Binders,Central,Same Day,772.87,2,0.19,-149.4,CUST-1245
ORD-02733,2025-04-13,Technology,Accessories,West,First Class,597.77,4,0.12,220.89,CUST-1805
ORD-01940,2025-04-13,Furniture,Tables,East,Standard Class,97.79,5,0.15,-6.4,CUST-1216
ORD-01188,2025-04-14,Office Supplies,Paper,Central,Standard Class,419.26,9,0.22,147.82,CUST-1036
ORD-02245,2025-04-15,Office Supplies,Binders,West,First Class,491.81,5,0.29,43.32,CUST-1794
ORD-00448,2025-04-15,Office Supplies,Storage,West,First Class,26.4,9,0.26,2.02,CUST-1429
ORD-01861,2025-04-15,Office Supplies,Paper,Central,Second Class,337.71,4,0.26,-72.61,CUST-1878
ORD-00998,2025-04-16,Office Supplies,Binders,South,Second Class,706.06,4,0.11,-86.33,CUST-1871
ORD-01159,2025-04-16,Office Supplies,Storage,West,Second Class,926.46,4,0.23,18.61,CUST-1598
ORD-02279,2025-04-17,Furniture,Tables,Central,Standard Class,99.56,10,0.02,31.62,CUST-1769
ORD-02034,2025-04-17,Technology,Copiers,South,Second Class,242.64,4,0.08,96.95,CUST-1811
ORD-01528,2025-04-17,Furniture,Bookcases,Central,Second Class,160.19,9,0.18,40.7,CUST-1175
ORD-02936,2025-04-17,Technology,Phones,South,Standard Class,798.12,10,0.01,119.82,CUST-1726
ORD-00237,2025-04-18,Furniture,Tables,East,Second Class,510.68,6,0.02,105.19,CUST-1956
ORD-01117,2025-04-19,Technology,Accessories,East,Second Class,730.88,7,0.23,20.29,CUST-1065
ORD-02550,2025-04-19,Office Supplies,Art,West,Same Day,918.47,7,0.25,155.29,CUST-1210
ORD-02103,2025-04-19,Technology,Accessories,Central,First Class,494.21,2,0.29,-24.57,CUST-1746
ORD-02489,2025-04-19,Office Supplies,Storage,Central,First Class,75.73,4,0.28,10.39,CUST-1491
ORD-02525,2025-04-20,Technology,Accessories,West,Second Class,56.72,7,0.04,-15.14,CUST-1983
ORD-02025,2025-04-20,Technology,Machines,South,Same Day,783.62,9,0.25,-160.95,CUST-1810
ORD-00205,2025-04-20,Technology,Phones,West,Same Day,883.42,3,0.28,-172.33,CUST-1856
ORD-02713,2025-04-21,Furniture,Furnishings,Central,Second Class,87.88,2,0.03,-9.27,CUST-1361
ORD-01855,2025-04-21,Technology,Copiers,Central,Standard Class,798.95,5,0.01,190.35,CUST-1439
ORD-00452,2025-04-21,Furniture,Bookcases,South,Standard Class,197.13,1,0.17,-33.66,CUST-1007
ORD-02152,2025-04-21,Technology,Phones,East,First Class,942.66,6,0.06,319.64,CUST-1894
ORD-02694,2025-04-22,Technology,Phones,West,Second Class,27.84,2,0.22,-3.91,CUST-1648
ORD-02321,2025-04-23,Office Supplies,Binders,Central,Standard Class,883.45,2,0.16,262.1,CUST-1764
ORD-02030,2025-04-23,Furniture,Tables,East,Second Class,336.89,10,0.3,-30.09,CUST-1898
ORD-01912,2025-04-23,Office Supplies,Art,East,Second Class,998.23,2,0.2,-123.15,CUST-1922
ORD-02252,2025-04-23,Furniture,Chairs,Central,Standard Class,779.65,5,0.0,257.73,CUST-1703
ORD-03247,2025-04-23,Office Supplies,Binders,Central,First Class,184.27,2,0.25,58.18,CUST-1370
ORD-02722,2025-04-24,Furniture,Furnishings,West,First Class,792.2,4,0.28,101.63,CUST-1972
ORD-00289,2025-04-24,Office Supplies,Binders,East,First Class,221.29,2,0.04,-25.29,CUST-1696
ORD-00903,2025-04-25,Office Supplies,Storage,East,First Class,70.45,1,0.2,18.68,CUST-1042
ORD-00703,2025-04-25,Technology,Copiers,East,First Class,870.25,2,0.1,-222.62,CUST-1333
ORD-02675,2025-04-25,Furniture,Furnishings,East,First Class,811.45,5,0.26,75.27,CUST-1045
ORD-00396,2025-04-26,Furniture,Furnishings,South,Same Day,97.14,8,0.13,-17.33,CUST-1509
ORD-00028,2025-04-26,Office Supplies,Binders,West,First Class,623.19,7,0.2,75.87,CUST-1323
ORD-02043,2025-04-27,Technology,Copiers,South,First Class,672.91,2,0.14,-150.7,CUST-1844
ORD-00476,2025-04-27,Technology,Machines,South,Second Class,154.39,3,0.14,-38.8,CUST-1431
ORD-00723,2025-04-27,Office Supplies,Paper,West,Same Day,635.04,7,0.24,-38.98,CUST-1082
ORD-00602,2025-04-28,Office Supplies,Paper,East,Standard Class,984.23,3,0.18,288.43,CUST-1857
ORD-00718,2025-04-28,Office Supplies,Paper,West,First Class,183.4,5,0.13,-15.41,CUST-1603
ORD-00886,2025-04-28,Technology,Phones,South,Same Day,318.35,4,0.07,-47.03,CUST-1254
ORD-00713,2025-04-28,Office Supplies,Paper,East,Second Class,200.0,4,0.24,-7.84,CUST-1497
ORD-01712,2025-04-29,Office Supplies,Paper,Central,First Class,404.38,9,0.03,-73.19,CUST-1474
ORD-00722,2025-04-29,Office Supplies,Storage,East,Same Day,928.23,5,0.09,379.31,CUST-1774
ORD-00279,2025-04-30,Furniture,Bookcases,South,Second Class,619.99,4,0.24,162.26,CUST-1583
ORD-02921,2025-04-30,Technology,Machines,Central,First Class,150.08,9,0.26,13.16,CUST-1439
ORD-01152,2025-04-30,Furniture,Bookcases,Central,Same Day,80.68,7,0.26,-11.08,CUST-1334
ORD-00102,2025-04-30,Office Supplies,Art,Central,Standard Class,31.72,7,0.08,4.46,CUST-1702
ORD-01453,2025-04-30,Furniture,Furnishings,South,First Class,320.33,2,0.12,-51.11,CUST-1329
ORD-02989,2025-05-01,Technology,Phones,West,Standard Class,656.6,8,0.22,-57.1,CUST-1946
ORD-02288,2025-05-01,Technology,Phones,South,Same Day,918.15,8,0.19,-67.87,CUST-1619
ORD-03191,2025-05-03,Office Supplies,Paper,South,Same Day,798.26,7,0.22,197.48,CUST-1703
ORD-02399,2025-05-03,Office Supplies,Binders,Central,First Class,137.97,9,0.27,-23.15,CUST-1648
ORD-01355,2025-05-03,Office Supplies,Storage,South,First Class,353.83,8,0.26,41.55,CUST-1535
ORD-00822,2025-05-03,Office Supplies,Binders,Central,Second Class,944.11,10,0.19,238.04,CUST-1640
ORD-00301,2025-05-03,Furniture,Tables,East,Same Day,124.83,10,0.18,-5.38,CUST-1759
ORD-01588,2025-05-04,Office Supplies,Binders,South,First Class,959.05,5,0.16,338.03,CUST-1962
ORD-01578,2025-05-04,Technology,Machines,South,Same Day,131.39,9,0.22,-5.94,CUST-1726
ORD-00087,2025-05-05,Technology,Accessories,Central,First Class,556.73,2,0.07,193.19,CUST-1116
ORD-00016,2025-05-05,Furniture,Tables,East,First Class,734.59,2,0.29,65.8,CUST-1128
ORD-01466,2025-05-05,Furniture,Chairs,East,Second Class,483.91,1,0.07,-51.24,CUST-1156
ORD-03272,2025-05-07,Technology,Phones,East,Standard Class,697.91,7,0.08,-5.6,CUST-1318
ORD-02809,2025-05-07,Technology,Copiers,South,Same Day,747.12,7,0.26,-32.79,CUST-1808
ORD-00068,2025-05-07,Technology,Machines,South,Same Day,795.0,2,0.09,17.02,CUST-1249
ORD-00245,2025-05-07,Technology,Machines,Central,Same Day,758.05,3,0.24,144.86,CUST-1080
ORD-01633,2025-05-08,Furniture,Furnishings,Central,Second Class,660.72,1,0.28,43.59,CUST-1221
ORD-01959,2025-05-08,Furniture,Chairs,Central,Same Day,411.61,6,0.29,-25.23,CUST-1884
ORD-02132,2025-05-08,Technology,Phones,East,Second Class,958.94,9,0.04,146.19,CUST-1485
ORD-01645,2025-05-09,Technology,Phones,Central,First Class,267.06,6,0.16,81.32,CUST-1045
ORD-02963,2025-05-10,Furniture,Tables,West,Second Class,259.71,7,0.01,5.38,CUST-1725
ORD-02137,2025-05-10,Technology,Phones,East,Standard Class,549.11,7,0.03,109.88,CUST-1298
ORD-00608,2025-05-10,Technology,Accessories,Central,Second Class,320.14,1,0.2,93.57,CUST-1012
ORD-01904,2025-05-10,Office Supplies,Paper,South,First Class,411.58,5,0.29,14.13,CUST-1763
ORD-01346,2025-05-11,Office Supplies,Paper,South,Same Day,595.5,4,0.25,-108.79,CUST-1986
ORD-00310,2025-05-11,Office Supplies,Art,South,Second Class,735.14,9,0.23,-58.81,CUST-1006
ORD-00231,2025-05-11,Technology,Accessories,South,Second Class,556.56,5,0.11,62.87,CUST-1367
ORD-02668,2025-05-11,Technology,Machines,South,Standard Class,681.99,4,0.24,-145.98,CUST-1212
ORD-01659,2025-05-11,Furniture,Chairs,West,Same Day,622.88,5,0.22,57.03,CUST-1660
ORD-00257,2025-05-11,Office Supplies,Storage,Central,Same Day,371.37,10,0.06,173.78,CUST-1184
ORD-02531,2025-05-11,Office Supplies,Art,West,Same Day,832.07,6,0.12,233.96,CUST-1342
ORD-00252,2025-05-12,Technology,Accessories,South,Second Class,147.45,5,0.08,-24.86,CUST-1171
ORD-01353,2025-05-12,Technology,Machines,West,Same Day,668.97,2,0.3,169.05,CUST-1499
ORD-01997,2025-05-13,Technology,Machines,South,Same Day,536.66,8,0.12,72.31,CUST-1535
ORD-00881,2025-05-13,Technology,Phones,East,Second Class,380.78,5,0.06,0.21,CUST-1657
ORD-02515,2025-05-14,Office Supplies,Storage,South,Same Day,103.81,4,0.02,12.48,CUST-1382
ORD-00418,2025-05-14,Furniture,Bookcases,South,First Class,392.02,9,0.22,-85.69,CUST-1529
ORD-00089,2025-05-14,Office Supplies,Paper,South,Second Class,922.65,9,0.22,-137.31,CUST-1071
ORD-01536,2025-05-14,Technology,Phones,South,First Class,394.98,6,0.11,-99.7,CUST-1446
ORD-03122,2025-05-15,Technology,Accessories,West,First Class,331.13,9,0.06,20.18,CUST-1455
ORD-01137,2025-05-15,Technology,Copiers,Central,First Class,63.46,7,0.21,9.9,CUST-1286
ORD-01625,2025-05-15,Technology,Accessories,South,First Class,157.61,1,0.1,35.7,CUST-1567
ORD-02013,2025-05-15,Technology,Accessories,Central,Standard Class,582.54,5,0.07,219.27,CUST-1898
ORD-01135,2025-05-15,Office Supplies,Paper,South,Same Day,661.01,2,0.02,291.96,CUST-1210
ORD-01289,2025-05-16,Furniture,Furnishings,West,First Class,979.58,5,0.17,-184.49,CUST-1194
ORD-00008,2025-05-16,Furniture,Furnishings,South,Standard Class,989.63,9,0.07,-37.34,CUST-1786
ORD-02828,2025-05-17,Office Supplies,Art,South,First Class,87.88,10,0.15,12.94,CUST-1408
ORD-01591,2025-05-17,Office Supplies,Binders,East,Second Class,931.77,5,0.05,-58.55,CUST-1263
ORD-02909,2025-05-17,Office Supplies,Binders,Central,Standard Class,576.19,1,0.16,-61.27,CUST-1961
ORD-02339,2025-05-17,Furniture,Tables,East,Same Day,727.43,2,0.12,65.04,CUST-1949
ORD-01405,2025-05-18,Technology,Copiers,West,Second Class,551.65,6,0.02,133.97,CUST-1419
ORD-00547,2025-05-18,Technology,Machines,East,Same Day,520.97,1,0.06,25.29,CUST-1905
ORD-00837,2025-05-18,Furniture,Tables,East,Second Class,844.45,2,0.01,202.28,CUST-1388
ORD-01653,2025-05-18,Office Supplies,Art,Central,First Class,367.85,9,0.08,-60.93,CUST-1386
ORD-02106,2025-05-19,Technology,Copiers,Central,Standard Class,558.6,3,0.05,124.64,CUST-1174
ORD-01451,2025-05-19,Furniture,Bookcases,West,Standard Class,637.53,8,0.24,69.77,CUST-1591
ORD-02594,2025-05-20,Office Supplies,Binders,Central,Standard Class,322.17,5,0.25,40.59,CUST-1029
ORD-01370,2025-05-20,Technology,Accessories,East,Same Day,540.01,2,0.24,75.22,CUST-1737
ORD-01190,2025-05-21,Furniture,Bookcases,East,Same Day,658.72,3,0.25,198.26,CUST-1882
ORD-00278,2025-05-21,Office Supplies,Binders,South,Standard Class,355.09,2,0.13,152.97,CUST-1794
ORD-00535,2025-05-21,Technology,Copiers,Central,Same Day,399.47,3,0.01,97.86,CUST-1363
ORD-00786,2025-05-22,Furniture,Bookcases,West,Standard Class,459.77,3,0.21,131.76,CUST-1083
ORD-01828,2025-05-23,Office Supplies,Paper,West,Same Day,116.88,4,0.14,2.62,CUST-1000
ORD-00210,2025-05-23,Furniture,Bookcases,South,Second Class,452.27,5,0.29,-18.77,CUST-1740
ORD-01835,2025-05-24,Technology,Machines,South,Standard Class,931.01,7,0.17,193.92,CUST-1887
ORD-03259,2025-05-24,Office Supplies,Art,Central,Same Day,37.54,8,0.02,15.29,CUST-1486
ORD-01823,2025-05-24,Technology,Copiers,South,First Class,272.99,9,0.09,-61.66,CUST-1011
ORD-02024,2025-05-24,Furniture,Bookcases,South,Standard Class,191.28,7,0.06,-38.44,CUST-1308
ORD-01422,2025-05-25,Furniture,Tables,South,First Class,758.12,3,0.26,43.9,CUST-1488
ORD-01134,2025-05-26,Furniture,Chairs,East,Second Class,444.17,5,0.01,-8.91,CUST-1670
ORD-00519,2025-05-26,Furniture,Bookcases,Central,First Class,574.78,10,0.28,118.94,CUST-1740
ORD-00464,2025-05-27,Technology,Machines,South,Same Day,772.27,6,0.29,36.78,CUST-1471
ORD-02792,2025-05-27,Furniture,Chairs,West,First Class,837.42,4,0.24,-35.36,CUST-1287
ORD-02191,2025-05-27,Office Supplies,Art,South,Same Day,447.2,1,0.03,60.92,CUST-1273
ORD-01146,2025-05-28,Technology,Phones,East,Standard Class,572.76,6,0.25,162.41,CUST-1454
ORD-00615,2025-05-28,Office Supplies,Binders,South,Second Class,656.34,1,0.28,109.49,CUST-1272
ORD-01403,2025-05-28,Furniture,Bookcases,South,Second Class,902.55,1,0.12,-141.0,CUST-1298
ORD-03173,2025-05-28,Office Supplies,Storage,Central,First Class,447.1,10,0.08,-18.73,CUST-1479
ORD-01993,2025-05-29,Technology,Phones,West,First Class,374.6,7,0.29,-22.84,CUST-1079
ORD-01627,2025-05-29,Technology,Copiers,West,Same Day,673.14,10,0.17,-8.1,CUST-1389
ORD-01125,2025-05-29,Office Supplies,Art,East,Second Class,968.43,2,0.16,-86.95,CUST-1530
ORD-02226,2025-05-29,Office Supplies,Storage,East,Second Class,490.31,4,0.01,195.45,CUST-1573
ORD-02310,2025-05-29,Technology,Copiers,West,First Class,820.6,7,0.24,49.08,CUST-1878
ORD-02363,2025-05-30,Technology,Accessories,East,Standard Class,208.14,9,0.22,78.06,CUST-1613
ORD-00422,2025-05-30,Technology,Phones,West,Standard Class,413.56,8,0.19,15.55,CUST-1017
ORD-02706,2025-05-30,Office Supplies,Paper,South,Standard Class,867.86,1,0.11,239.85,CUST-1809
ORD-02777,2025-05-30,Office Supplies,Paper,East,Standard Class,395.72,1,0.18,-95.09,CUST-1790
ORD-01440,2025-05-30,Office Supplies,Paper,East,First Class,72.16,6,0.27,-13.26,CUST-1773
ORD-00240,2025-05-31,Office Supplies,Art,South,First Class,379.32,7,0.14,-34.39,CUST-1713
ORD-01580,2025-05-31,Office Supplies,Paper,South,Same Day,661.75,7,0.24,196.17,CUST-1460
ORD-03211,2025-05-31,Technology,Phones,Central,Second Class,111.12,1,0.04,-20.86,CUST-1650
ORD-01379,2025-05-31,Office Supplies,Binders,West,Standard Class,407.41,4,0.11,78.97,CUST-1083
ORD-02901,2025-05-31,Office Supplies,Storage,West,Standard Class,618.42,5,0.07,-139.52,CUST-1915
ORD-03118,2025-06-01,Furniture,Chairs,South,First Class,441.54,5,0.17,-108.69,CUST-1702
ORD-03249,2025-06-01,Furniture,Tables,West,Second Class,331.67,7,0.0,47.41,CUST-1608
ORD-00428,2025-06-01,Furniture,Chairs,West,First Class,852.87,9,0.14,102.49,CUST-1297
ORD-00554,2025-06-02,Furniture,Furnishings,South,Same Day,548.07,1,0.18,42.59,CUST-1222
ORD-02948,2025-06-02,Technology,Accessories,Central,Second Class,246.68,7,0.17,-42.54,CUST-1570
ORD-02349,2025-06-02,Office Supplies,Storage,East,First Class,186.86,5,0.24,63.1,CUST-1146
ORD-01487,2025-06-02,Furniture,Bookcases,Central,Same Day,456.26,9,0.26,-56.92,CUST-1043
ORD-03011,2025-06-03,Furniture,Bookcases,West,Same Day,165.71,4,0.07,-40.71,CUST-1937
ORD-02166,2025-06-03,Office Supplies,Art,South,First Class,998.81,2,0.17,114.18,CUST-1987
ORD-00516,2025-06-04,Office Supplies,Storage,South,Same Day,10.19,1,0.29,1.28,CUST-1530
ORD-02775,2025-06-04,Office Supplies,Storage,West,First Class,820.71,3,0.21,15.98,CUST-1038
ORD-02494,2025-06-04,Technology,Accessories,South,Same Day,33.73,8,0.27,-1.48,CUST-1813
ORD-02046,2025-06-05,Furniture,Tables,South,Second Class,171.91,6,0.26,-22.93,CUST-1115
ORD-01856,2025-06-05,Office Supplies,Art,Central,Same Day,345.15,3,0.26,96.14,CUST-1078
ORD-01926,2025-06-05,Furniture,Chairs,West,Second Class,226.65,4,0.09,79.37,CUST-1071
ORD-02903,2025-06-05,Furniture,Tables,Central,Standard Class,651.68,8,0.09,8.78,CUST-1336
ORD-01524,2025-06-05,Office Supplies,Storage,Central,Same Day,207.2,1,0.29,29.79,CUST-1501
ORD-02499,2025-06-06,Technology,Accessories,South,Same Day,294.92,3,0.18,66.55,CUST-1128
ORD-00100,2025-06-06,Technology,Phones,South,Standard Class,680.83,3,0.02,304.38,CUST-1601
ORD-00414,2025-06-06,Furniture,Bookcases,South,Second Class,49.54,6,0.18,12.96,CUST-1640
ORD-02450,2025-06-06,Office Supplies,Binders,West,Second Class,892.86,5,0.08,259.47,CUST-1602
ORD-00228,2025-06-06,Furniture,Bookcases,East,Same Day,848.66,2,0.16,259.15,CUST-1052
ORD-02314,2025-06-07,Office Supplies,Binders,West,Standard Class,875.41,9,0.11,-93.25,CUST-1862
ORD-00801,2025-06-07,Furniture,Tables,Central,Same Day,681.82,1,0.18,-22.23,CUST-1027
ORD-03280,2025-06-07,Furniture,Furnishings,South,First Class,988.75,1,0.06,373.47,CUST-1692
ORD-00601,2025-06-10,Furniture,Chairs,West,Second Class,662.56,6,0.24,-45.82,CUST-1717
ORD-00208,2025-06-10,Technology,Accessories,East,Standard Class,792.86,10,0.2,-92.27,CUST-1625
ORD-02626,2025-06-11,Technology,Copiers,West,First Class,139.68,2,0.09,50.2,CUST-1672
ORD-01087,2025-06-11,Technology,Machines,Central,Standard Class,464.16,6,0.09,-13.94,CUST-1530
ORD-00479,2025-06-11,Office Supplies,Binders,South,First Class,357.58,10,0.06,54.02,CUST-1664
ORD-00913,2025-06-11,Technology,Machines,East,Second Class,923.51,8,0.03,227.02,CUST-1892
ORD-02721,2025-06-11,Technology,Phones,South,Same Day,168.19,10,0.19,-34.42,CUST-1584
ORD-01151,2025-06-11,Furniture,Bookcases,East,Second Class,356.23,2,0.15,-63.42,CUST-1079
ORD-02801,2025-06-12,Office Supplies,Binders,South,First Class,463.0,1,0.26,134.73,CUST-1443
ORD-01985,2025-06-12,Office Supplies,Storage,West,Standard Class,448.19,5,0.04,-56.86,CUST-1993
ORD-03085,2025-06-12,Office Supplies,Binders,West,First Class,856.86,1,0.01,247.61,CUST-1524
ORD-00531,2025-06-13,Technology,Machines,West,First Class,382.84,9,0.01,-62.06,CUST-1290
ORD-00067,2025-06-13,Office Supplies,Art,Central,First Class,521.46,4,0.03,139.64,CUST-1500
ORD-02176,2025-06-14,Furniture,Tables,South,First Class,976.95,2,0.17,75.05,CUST-1634
ORD-01309,2025-06-14,Office Supplies,Binders,West,First Class,645.82,7,0.12,50.63,CUST-1049
ORD-00303,2025-06-14,Furniture,Bookcases,West,Standard Class,735.61,2,0.23,-156.62,CUST-1826
ORD-01915,2025-06-15,Office Supplies,Art,East,Same Day,289.69,8,0.03,15.27,CUST-1195
ORD-00757,2025-06-15,Technology,Phones,South,First Class,15.79,2,0.0,3.55,CUST-1471
ORD-01816,2025-06-15,Technology,Phones,South,Same Day,327.0,2,0.25,-38.29,CUST-1193
ORD-02981,2025-06-15,Office Supplies,Storage,West,Second Class,143.24,8,0.02,41.16,CUST-1544
ORD-02022,2025-06-15,Technology,Copiers,South,Same Day,229.07,2,0.07,28.47,CUST-1379
ORD-01149,2025-06-15,Office Supplies,Paper,West,Second Class,155.43,10,0.2,-14.16,CUST-1670
ORD-02864,2025-06-15,Furniture,Chairs,East,Same Day,335.94,6,0.13,-56.22,CUST-1527
ORD-00784,2025-06-15,Technology,Copiers,East,First Class,758.99,2,0.13,104.3,CUST-1005
ORD-00372,2025-06-17,Technology,Copiers,South,First Class,475.83,10,0.17,77.61,CUST-1483
ORD-01307,2025-06-17,Technology,Copiers,East,Second Class,774.38,2,0.26,148.65,CUST-1756
ORD-01471,2025-06-17,Office Supplies,Binders,Central,Same Day,38.53,10,0.29,6.5,CUST-1788
ORD-01127,2025-06-18,Furniture,Bookcases,East,Second Class,212.19,6,0.28,35.24,CUST-1899
ORD-00850,2025-06-18,Furniture,Bookcases,Central,Standard Class,785.3,7,0.28,202.13,CUST-1775
ORD-00029,2025-06-18,Furniture,Bookcases,West,Standard Class,401.83,5,0.14,153.16,CUST-1958
ORD-01097,2025-06-19,Office Supplies,Art,West,Same Day,682.13,6,0.24,-97.8,CUST-1786
ORD-00697,2025-06-19,Technology,Copiers,East,First Class,990.8,2,0.12,-42.16,CUST-1385
ORD-02698,2025-06-19,Furniture,Furnishings,South,Second Class,266.97,10,0.14,-24.94,CUST-1967
ORD-02666,2025-06-19,Office Supplies,Art,South,Second Class,228.45,5,0.15,52.62,CUST-1366
ORD-03181,2025-06-19,Technology,Phones,South,First Class,931.65,2,0.14,203.28,CUST-1798
ORD-00108,2025-06-20,Technology,Machines,Central,First Class,678.09,8,0.01,273.48,CUST-1574
ORD-02154,2025-06-20,Furniture,Tables,West,First Class,615.1,6,0.14,-102.01,CUST-1274
ORD-03233,2025-06-20,Office Supplies,Art,West,Same Day,281.84,8,0.12,51.82,CUST-1608
ORD-02012,2025-06-20,Office Supplies,Paper,Central,Standard Class,787.71,5,0.18,10.6,CUST-1950
ORD-03091,2025-06-20,Furniture,Furnishings,West,Same Day,511.68,6,0.27,70.07,CUST-1067
ORD-02838,2025-06-21,Office Supplies,Binders,East,Second Class,917.16,4,0.23,59.8,CUST-1231
ORD-02643,2025-06-21,Furniture,Chairs,East,Second Class,889.69,2,0.12,144.88,CUST-1710
ORD-02902,2025-06-21,Technology,Machines,West,Second Class,358.87,6,0.14,30.98,CUST-1410
ORD-01804,2025-06-21,Technology,Accessories,East,Standard Class,578.43,6,0.07,267.89,CUST-1067
ORD-02335,2025-06-21,Furniture,Furnishings,Central,Second Class,39.9,10,0.16,15.52,CUST-1240
ORD-01756,2025-06-21,Office Supplies,Paper,West,Same Day,351.56,9,0.05,25.83,CUST-1531
ORD-02300,2025-06-21,Office Supplies,Binders,Central,Same Day,202.26,2,0.14,-12.52,CUST-1040
ORD-01337,2025-06-22,Technology,Machines,East,Standard Class,658.91,9,0.28,-14.33,CUST-1913
ORD-01179,2025-06-22,Technology,Machines,West,Standard Class,489.39,3,0.26,134.92,CUST-1896
ORD-00458,2025-06-22,Furniture,Bookcases,East,First Class,727.25,7,0.18,69.66,CUST-1728
ORD-00963,2025-06-23,Technology,Accessories,South,Second Class,479.15,2,0.21,38.56,CUST-1185
ORD-01364,2025-06-23,Furniture,Bookcases,Central,Same Day,141.7,7,0.03,63.89,CUST-1834
ORD-01957,2025-06-23,Furniture,Tables,Central,Second Class,888.49,5,0.28,306.61,CUST-1191
ORD-01706,2025-06-23,Furniture,Furnishings,Central,First Class,970.59,4,0.06,-104.29,CUST-1959
ORD-02484,2025-06-23,Furniture,Bookcases,Central,Second Class,113.62,2,0.09,-5.49,CUST-1494
ORD-00014,2025-06-23,Technology,Accessories,East,Standard Class,843.25,9,0.18,-122.89,CUST-1780
ORD-02670,2025-06-24,Technology,Accessories,South,Second Class,297.2,1,0.24,56.78,CUST-1752
ORD-01193,2025-06-25,Technology,Machines,South,Standard Class,435.24,4,0.29,45.98,CUST-1494
ORD-00077,2025-06-25,Technology,Phones,West,Second Class,182.08,2,0.05,4.64,CUST-1705
ORD-00198,2025-06-25,Technology,Machines,West,Second Class,286.22,5,0.07,127.32,CUST-1304
ORD-00707,2025-06-27,Furniture,Bookcases,South,Second Class,628.33,2,0.22,79.67,CUST-1606
ORD-03172,2025-06-27,Office Supplies,Paper,Central,Standard Class,185.12,8,0.07,24.12,CUST-1711
ORD-01742,2025-06-28,Furniture,Chairs,Central,First Class,44.84,6,0.05,0.27,CUST-1541
ORD-02126,2025-06-28,Furniture,Furnishings,South,Second Class,527.84,7,0.29,-81.01,CUST-1186
ORD-00732,2025-06-29,Office Supplies,Storage,South,Second Class,437.0,4,0.18,177.8,CUST-1289
ORD-01259,2025-06-30,Office Supplies,Art,East,Second Class,232.58,6,0.07,40.9,CUST-1745
ORD-01483,2025-07-01,Furniture,Bookcases,West,Second Class,692.78,1,0.3,-128.37,CUST-1576
ORD-03151,2025-07-02,Office Supplies,Storage,East,Standard Class,429.64,10,0.1,-105.68,CUST-1248
ORD-00277,2025-07-02,Technology,Copiers,East,Same Day,550.89,7,0.03,194.54,CUST-1769
ORD-01053,2025-07-02,Office Supplies,Storage,West,First Class,355.07,9,0.2,20.92,CUST-1828
ORD-00389,2025-07-03,Technology,Phones,Central,Standard Class,191.04,7,0.12,10.97,CUST-1855
ORD-00229,2025-07-03,Office Supplies,Binders,East,Second Class,806.6,10,0.22,92.54,CUST-1490
ORD-01722,2025-07-03,Furniture,Furnishings,Central,First Class,953.56,3,0.27,-187.79,CUST-1338
ORD-02282,2025-07-03,Technology,Phones,West,Same Day,348.48,2,0.18,-44.39,CUST-1457
ORD-01961,2025-07-03,Technology,Copiers,West,Standard Class,967.38,7,0.11,66.94,CUST-1877
ORD-01082,2025-07-03,Office Supplies,Paper,West,Second Class,354.16,5,0.21,-19.48,CUST-1003
ORD-02286,2025-07-04,Office Supplies,Paper,Central,First Class,199.14,2,0.02,49.35,CUST-1880
ORD-01230,2025-07-04,Furniture,Tables,Central,Second Class,473.01,1,0.28,38.7,CUST-1646
ORD-01880,2025-07-04,Technology,Machines,East,First Class,373.61,9,0.23,12.63,CUST-1561
ORD-02985,2025-07-04,Technology,Accessories,South,Standard Class,510.47,10,0.27,-9.34,CUST-1987
ORD-00082,2025-07-05,Technology,Phones,West,Same Day,523.77,8,0.27,-59.19,CUST-1599
ORD-03276,2025-07-05,Office Supplies,Binders,Central,Same Day,186.48,2,0.21,39.64,CUST-1719
ORD-01733,2025-07-05,Office Supplies,Paper,West,First Class,346.78,3,0.08,78.99,CUST-1937
ORD-03279,2025-07-06,Office Supplies,Art,Central,Second Class,744.1,9,0.29,2.02,CUST-1771
ORD-00647,2025-07-06,Technology,Accessories,East,Standard Class,738.4,1,0.15,268.63,CUST-1372
ORD-02912,2025-07-06,Technology,Phones,South,Same Day,703.72,3,0.28,-25.29,CUST-1696
ORD-01703,2025-07-07,Furniture,Furnishings,South,Same Day,602.85,7,0.05,155.46,CUST-1459
ORD-01594,2025-07-07,Furniture,Chairs,South,Standard Class,130.22,9,0.14,-22.66,CUST-1684
ORD-01818,2025-07-07,Furniture,Furnishings,West,Same Day,728.94,7,0.17,302.05,CUST-1952
ORD-02785,2025-07-08,Furniture,Chairs,West,Standard Class,252.2,6,0.0,45.58,CUST-1449
ORD-01962,2025-07-08,Office Supplies,Storage,South,First Class,436.6,5,0.04,-66.36,CUST-1292
ORD-03171,2025-07-08,Office Supplies,Storage,East,Same Day,820.29,1,0.19,271.68,CUST-1973
ORD-02377,2025-07-08,Office Supplies,Storage,East,Same Day,752.29,9,0.12,-130.46,CUST-1230
ORD-02511,2025-07-09,Office Supplies,Art,South,Same Day,149.28,9,0.27,-12.75,CUST-1000
ORD-02444,2025-07-09,Office Supplies,Binders,Central,Same Day,689.83,10,0.08,203.11,CUST-1396
ORD-00483,2025-07-09,Office Supplies,Art,South,Same Day,175.64,1,0.04,-18.94,CUST-1257
ORD-01533,2025-07-10,Furniture,Furnishings,South,Standard Class,328.86,8,0.15,2.88,CUST-1452
ORD-00976,2025-07-10,Furniture,Tables,East,Second Class,576.18,10,0.21,183.59,CUST-1809
ORD-03115,2025-07-10,Technology,Accessories,Central,Second Class,995.81,6,0.24,120.68,CUST-1445
ORD-02739,2025-07-11,Furniture,Tables,Central,Same Day,688.0,8,0.2,-34.08,CUST-1070
ORD-01563,2025-07-11,Office Supplies,Art,South,Same Day,60.77,10,0.09,21.59,CUST-1109
ORD-03000,2025-07-12,Office Supplies,Art,West,Second Class,579.46,4,0.25,204.37,CUST-1662
ORD-00744,2025-07-12,Technology,Accessories,East,Second Class,422.25,2,0.07,38.68,CUST-1096
ORD-00106,2025-07-12,Furniture,Bookcases,South,Standard Class,749.09,6,0.24,42.51,CUST-1077
ORD-00607,2025-07-12,Office Supplies,Art,Central,First Class,262.79,10,0.12,73.66,CUST-1767
ORD-03281,2025-07-12,Technology,Copiers,Central,Standard Class,849.12,6,0.2,224.4,CUST-1029
ORD-01217,2025-07-13,Furniture,Bookcases,South,Same Day,53.48,5,0.08,-12.51,CUST-1585
ORD-03075,2025-07-13,Technology,Machines,West,Second Class,794.85,9,0.25,224.53,CUST-1385
ORD-01090,2025-07-14,Technology,Machines,West,Standard Class,911.22,6,0.27,8.53,CUST-1427
ORD-00375,2025-07-14,Furniture,Tables,West,Same Day,787.36,2,0.04,35.5,CUST-1439
ORD-02551,2025-07-14,Technology,Phones,Central,First Class,827.27,9,0.24,-55.18,CUST-1745
ORD-01477,2025-07-15,Furniture,Bookcases,South,Same Day,731.46,3,0.03,-3.95,CUST-1661
ORD-03154,2025-07-15,Office Supplies,Storage,East,Second Class,116.7,10,0.07,24.98,CUST-1095
ORD-01535,2025-07-15,Furniture,Bookcases,West,Same Day,604.43,8,0.29,106.94,CUST-1576
ORD-00288,2025-07-15,Furniture,Bookcases,Central,First Class,378.13,3,0.02,74.29,CUST-1743
ORD-02284,2025-07-15,Office Supplies,Art,West,Same Day,259.36,2,0.27,-35.31,CUST-1026
ORD-00360,2025-07-15,Office Supplies,Storage,South,First Class,684.36,4,0.11,106.73,CUST-1181
ORD-00817,2025-07-15,Furniture,Chairs,Central,Same Day,11.94,7,0.19,4.4,CUST-1053
ORD-01145,2025-07-15,Furniture,Tables,Central,Standard Class,575.37,1,0.18,-5.02,CUST-1675
ORD-03057,2025-07-16,Furniture,Furnishings,South,First Class,302.95,9,0.14,-33.83,CUST-1022
ORD-00276,2025-07-16,Furniture,Bookcases,West,Same Day,569.99,8,0.16,-100.27,CUST-1116
ORD-01324,2025-07-16,Technology,Copiers,East,Second Class,848.94,3,0.17,-139.26,CUST-1159
ORD-00120,2025-07-17,Technology,Copiers,South,Standard Class,459.18,10,0.13,133.62,CUST-1117
ORD-00505,2025-07-17,Technology,Accessories,East,Second Class,454.89,5,0.16,24.17,CUST-1794
ORD-01280,2025-07-17,Technology,Phones,West,Second Class,526.56,1,0.07,-1.63,CUST-1371
ORD-01666,2025-07-18,Office Supplies,Paper,South,First Class,676.94,6,0.01,167.18,CUST-1058
ORD-01785,2025-07-18,Furniture,Furnishings,Central,Standard Class,544.24,7,0.09,217.53,CUST-1217
ORD-01352,2025-07-18,Office Supplies,Art,South,Standard Class,983.26,2,0.0,265.95,CUST-1497
ORD-01347,2025-07-19,Furniture,Furnishings,East,Second Class,213.77,3,0.2,52.75,CUST-1011
ORD-02567,2025-07-19,Technology,Copiers,South,Same Day,608.46,9,0.17,232.16,CUST-1226
ORD-00518,2025-07-19,Technology,Accessories,East,First Class,465.77,3,0.04,-2.83,CUST-1596
ORD-01091,2025-07-19,Office Supplies,Paper,East,Standard Class,835.83,2,0.13,46.56,CUST-1991
ORD-00090,2025-07-19,Office Supplies,Art,Central,First Class,290.01,5,0.25,35.66,CUST-1675
ORD-02895,2025-07-21,Office Supplies,Binders,Central,Second Class,345.66,2,0.13,-23.92,CUST-1554
ORD-02067,2025-07-22,Technology,Phones,West,Second Class,119.78,9,0.01,-14.77,CUST-1442
ORD-00684,2025-07-22,Technology,Copiers,Central,Second Class,856.59,10,0.07,124.42,CUST-1101
ORD-01447,2025-07-22,Furniture,Tables,South,Same Day,438.53,3,0.15,86.71,CUST-1361
ORD-01595,2025-07-23,Furniture,Bookcases,East,Standard Class,184.63,4,0.16,-15.47,CUST-1018
ORD-00664,2025-07-23,Furniture,Chairs,East,Same Day,680.29,2,0.29,7.51,CUST-1502
ORD-02806,2025-07-23,Office Supplies,Binders,Central,Same Day,414.44,10,0.24,-36.71,CUST-1351
ORD-02758,2025-07-23,Technology,Accessories,South,Second Class,407.55,4,0.21,-76.3,CUST-1352
ORD-00996,2025-07-24,Furniture,Chairs,Central,Second Class,190.05,7,0.11,16.13,CUST-1492
ORD-01893,2025-07-24,Office Supplies,Paper,West,Standard Class,888.55,5,0.0,-203.33,CUST-1532
ORD-01877,2025-07-25,Office Supplies,Storage,South,First Class,338.09,1,0.13,140.58,CUST-1684
ORD-00694,2025-07-25,Furniture,Furnishings,East,First Class,258.18,8,0.07,108.99,CUST-1030
ORD-02155,2025-07-26,Furniture,Chairs,East,Same Day,692.57,5,0.03,-85.94,CUST-1277
ORD-00907,2025-07-26,Technology,Accessories,Central,Same Day,622.17,8,0.15,120.67,CUST-1003
ORD-00190,2025-07-26,Technology,Phones,West,First Class,399.96,6,0.17,-2.49,CUST-1147
ORD-00809,2025-07-26,Office Supplies,Paper,Central,Standard Class,638.82,8,0.08,135.07,CUST-1329
ORD-01531,2025-07-26,Furniture,Chairs,West,Standard Class,440.84,10,0.25,18.82,CUST-1237
ORD-01167,2025-07-26,Furniture,Tables,Central,Same Day,347.71,10,0.16,35.09,CUST-1520
ORD-02243,2025-07-27,Office Supplies,Storage,South,Second Class,46.31,2,0.13,-11.21,CUST-1208
ORD-02725,2025-07-28,Furniture,Chairs,Central,Standard Class,851.71,2,0.2,150.02,CUST-1058
ORD-02327,2025-07-29,Furniture,Chairs,South,Same Day,335.81,9,0.23,62.32,CUST-1827
ORD-00327,2025-07-29,Furniture,Furnishings,Central,Second Class,974.24,2,0.07,-97.02,CUST-1546
ORD-00739,2025-07-29,Technology,Copiers,South,Standard Class,903.76,5,0.18,229.18,CUST-1270
ORD-03264,2025-07-29,Office Supplies,Storage,South,Second Class,862.68,3,0.3,-61.44,CUST-1706
ORD-02405,2025-07-30,Technology,Copiers,Central,Second Class,518.66,2,0.17,88.03,CUST-1123
ORD-01470,2025-07-30,Office Supplies,Art,South,Second Class,836.47,10,0.08,-110.34,CUST-1919
ORD-01431,2025-07-30,Office Supplies,Binders,South,First Class,807.42,6,0.26,248.95,CUST-1023
ORD-03049,2025-07-31,Office Supplies,Art,West,First Class,153.3,5,0.21,-21.88,CUST-1549
ORD-00590,2025-07-31,Furniture,Tables,South,Same Day,628.96,7,0.12,26.65,CUST-1216
ORD-02390,2025-07-31,Furniture,Chairs,East,Second Class,683.94,3,0.24,1.49,CUST-1098
ORD-03040,2025-07-31,Furniture,Tables,East,First Class,39.61,2,0.09,-1.79,CUST-1629
ORD-03202,2025-07-31,Office Supplies,Art,Central,Same Day,312.0,1,0.09,47.44,CUST-1957
ORD-00962,2025-07-31,Office Supplies,Binders,South,Second Class,621.44,9,0.06,-43.86,CUST-1117
ORD-00309,2025-08-01,Office Supplies,Art,East,Same Day,17.89,4,0.09,5.33,CUST-1757
ORD-00923,2025-08-02,Office Supplies,Paper,South,First Class,139.59,10,0.26,-26.52,CUST-1957
ORD-01674,2025-08-03,Technology,Phones,South,First Class,883.46,4,0.12,146.0,CUST-1354
ORD-02496,2025-08-03,Technology,Phones,South,Standard Class,743.32,10,0.03,-179.6,CUST-1003
ORD-01095,2025-08-03,Technology,Accessories,East,Standard Class,151.22,4,0.13,57.18,CUST-1297
ORD-01060,2025-08-03,Technology,Accessories,West,First Class,565.35,10,0.28,140.82,CUST-1687
ORD-02910,2025-08-03,Office Supplies,Storage,East,First Class,466.86,4,0.18,4.07,CUST-1019
ORD-01194,2025-08-05,Technology,Accessories,South,First Class,993.22,7,0.29,218.72,CUST-1731
ORD-00701,2025-08-05,Office Supplies,Binders,East,First Class,136.92,6,0.1,36.19,CUST-1027
ORD-01919,2025-08-05,Furniture,Chairs,Central,First Class,955.86,6,0.26,136.71,CUST-1178
ORD-00207,2025-08-05,Office Supplies,Storage,West,Same Day,280.11,2,0.1,71.82,CUST-1663
ORD-02065,2025-08-05,Furniture,Bookcases,West,First Class,288.59,8,0.28,90.1,CUST-1581
ORD-00430,2025-08-06,Technology,Phones,West,Standard Class,491.0,6,0.18,-22.33,CUST-1598
ORD-00295,2025-08-06,Technology,Phones,Central,Second Class,522.57,9,0.06,6.58,CUST-1661
ORD-02787,2025-08-06,Furniture,Bookcases,South,Standard Class,200.48,9,0.19,-40.28,CUST-1197
ORD-02277,2025-08-06,Technology,Accessories,West,Second Class,200.82,3,0.09,-18.82,CUST-1941
ORD-01792,2025-08-06,Office Supplies,Paper,West,Standard Class,484.78,2,0.04,161.99,CUST-1472
ORD-01476,2025-08-07,Technology,Accessories,East,First Class,885.57,1,0.19,276.69,CUST-1969
ORD-01439,2025-08-07,Furniture,Furnishings,Central,Standard Class,738.09,9,0.0,304.42,CUST-1699
ORD-02606,2025-08-08,Office Supplies,Paper,West,Second Class,92.02,7,0.2,5.52,CUST-1938
ORD-02636,2025-08-08,Office Supplies,Paper,East,Standard Class,918.05,5,0.17,279.77,CUST-1116
ORD-03241,2025-08-09,Furniture,Tables,Central,Second Class,692.78,3,0.22,124.42,CUST-1375
ORD-02498,2025-08-10,Furniture,Tables,Central,Standard Class,670.97,7,0.21,-134.18,CUST-1604
ORD-00239,2025-08-10,Furniture,Furnishings,West,First Class,918.87,9,0.04,-129.19,CUST-1539
ORD-01004,2025-08-10,Furniture,Tables,East,First Class,608.13,3,0.15,-150.58,CUST-1852
ORD-01181,2025-08-11,Office Supplies,Storage,Central,Second Class,665.79,2,0.05,294.15,CUST-1676
ORD-03090,2025-08-11,Furniture,Furnishings,South,First Class,641.69,4,0.25,-84.49,CUST-1423
ORD-03119,2025-08-11,Office Supplies,Art,East,First Class,335.91,2,0.15,-17.29,CUST-1594
ORD-01613,2025-08-12,Office Supplies,Paper,East,Same Day,262.45,10,0.15,107.58,CUST-1415
ORD-00200,2025-08-12,Furniture,Furnishings,South,Standard Class,955.06,3,0.09,-60.75,CUST-1731
ORD-02699,2025-08-13,Furniture,Bookcases,South,First Class,808.69,5,0.09,336.18,CUST-1984
ORD-00653,2025-08-13,Furniture,Chairs,West,Standard Class,120.9,3,0.15,41.11,CUST-1533
ORD-00883,2025-08-13,Furniture,Tables,Central,Standard Class,249.83,9,0.02,106.29,CUST-1254
ORD-00667,2025-08-14,Furniture,Furnishings,South,Second Class,837.16,10,0.03,-108.63,CUST-1486
ORD-00080,2025-08-14,Office Supplies,Binders,South,Standard Class,702.74,5,0.15,56.77,CUST-1082
ORD-00199,2025-08-14,Technology,Accessories,South,Standard Class,485.01,9,0.28,117.45,CUST-1280
ORD-03065,2025-08-14,Furniture,Chairs,Central,Same Day,297.69,9,0.12,47.04,CUST-1897
ORD-01874,2025-08-14,Furniture,Tables,Central,Standard Class,653.38,2,0.18,162.92,CUST-1805
ORD-02753,2025-08-14,Technology,Machines,East,Standard Class,304.15,7,0.27,-35.36,CUST-1434
ORD-02159,2025-08-16,Furniture,Bookcases,West,Second Class,425.02,2,0.16,70.51,CUST-1036
ORD-00182,2025-08-16,Technology,Copiers,South,Second Class,806.64,7,0.09,-177.36,CUST-1061
ORD-01093,2025-08-16,Technology,Accessories,Central,Same Day,295.38,5,0.0,-78.94,CUST-1289
ORD-02825,2025-08-17,Technology,Copiers,Central,Second Class,530.08,6,0.2,16.17,CUST-1251
ORD-02372,2025-08-17,Furniture,Bookcases,West,Standard Class,495.84,2,0.21,-17.87,CUST-1987
ORD-02690,2025-08-18,Furniture,Furnishings,East,Same Day,336.36,9,0.17,43.92,CUST-1976
ORD-03109,2025-08-18,Technology,Copiers,West,Second Class,12.64,3,0.0,2.45,CUST-1865
ORD-01086,2025-08-18,Furniture,Tables,West,First Class,108.99,6,0.14,26.98,CUST-1558
ORD-01154,2025-08-18,Furniture,Chairs,East,Second Class,809.95,9,0.21,187.89,CUST-1802
ORD-01183,2025-08-18,Office Supplies,Paper,South,First Class,566.63,6,0.08,-23.93,CUST-1400
ORD-00763,2025-08-18,Furniture,Furnishings,South,Same Day,518.22,10,0.28,158.22,CUST-1888
ORD-01281,2025-08-19,Office Supplies,Paper,Central,Same Day,715.95,5,0.05,234.08,CUST-1131
ORD-01667,2025-08-19,Furniture,Tables,West,Second Class,970.03,6,0.06,110.3,CUST-1601
ORD-02931,2025-08-19,Office Supplies,Storage,East,First Class,991.47,8,0.13,411.5,CUST-1242
ORD-02555,2025-08-20,Furniture,Chairs,West,Standard Class,506.92,6,0.09,-42.02,CUST-1159
ORD-00400,2025-08-20,Technology,Copiers,East,First Class,897.91,8,0.04,235.74,CUST-1738
ORD-01676,2025-08-21,Furniture,Tables,South,Same Day,349.52,1,0.18,87.48,CUST-1417
ORD-01987,2025-08-21,Office Supplies,Paper,Central,Second Class,720.18,3,0.05,319.29,CUST-1414
ORD-01180,2025-08-21,Technology,Machines,South,Same Day,601.86,9,0.14,-115.31,CUST-1115
ORD-02423,2025-08-23,Furniture,Tables,Central,Same Day,663.24,10,0.18,-98.18,CUST-1622
ORD-01102,2025-08-23,Furniture,Furnishings,West,Same Day,673.38,8,0.24,204.67,CUST-1471
ORD-00163,2025-08-23,Furniture,Chairs,West,First Class,322.44,5,0.15,134.65,CUST-1556
ORD-01157,2025-08-23,Furniture,Bookcases,West,Standard Class,238.58,6,0.22,-38.65,CUST-1246
ORD-01740,2025-08-24,Office Supplies,Binders,Central,Standard Class,210.27,4,0.22,-1.17,CUST-1907
ORD-03070,2025-08-24,Furniture,Bookcases,Central,Same Day,453.26,4,0.07,97.99,CUST-1531
ORD-00370,2025-08-24,Furniture,Furnishings,West,Standard Class,727.93,9,0.23,-86.06,CUST-1696
ORD-02782,2025-08-24,Furniture,Tables,Central,Second Class,653.95,3,0.22,232.64,CUST-1096
ORD-01365,2025-08-24,Technology,Phones,Central,Second Class,448.11,1,0.07,-73.34,CUST-1280
ORD-02571,2025-08-25,Technology,Copiers,East,Second Class,15.04,7,0.15,5.94,CUST-1431
ORD-03206,2025-08-26,Furniture,Tables,Central,First Class,124.39,10,0.28,-17.11,CUST-1958
ORD-03209,2025-08-26,Office Supplies,Paper,South,Standard Class,413.05,2,0.29,8.12,CUST-1822
ORD-00105,2025-08-27,Office Supplies,Storage,West,Second Class,140.84,9,0.26,-0.76,CUST-1513
ORD-02404,2025-08-27,Technology,Copiers,Central,Standard Class,981.67,10,0.29,-184.65,CUST-1292
ORD-01340,2025-08-28,Furniture,Bookcases,Central,Same Day,441.8,2,0.29,149.73,CUST-1186
ORD-02409,2025-08-29,Office Supplies,Paper,South,Same Day,25.88,4,0.11,11.41,CUST-1374
ORD-02056,2025-08-30,Technology,Accessories,East,Same Day,383.21,6,0.2,60.95,CUST-1027
ORD-01367,2025-08-30,Furniture,Chairs,South,Same Day,420.38,9,0.3,-43.02,CUST-1190
ORD-01344,2025-08-30,Office Supplies,Storage,South,Same Day,328.7,5,0.0,-32.52,CUST-1569
ORD-01046,2025-08-31,Furniture,Tables,South,Standard Class,662.67,5,0.02,-120.13,CUST-1023
ORD-03140,2025-08-31,Office Supplies,Art,South,Standard Class,870.85,5,0.08,304.45,CUST-1044
ORD-00756,2025-09-01,Office Supplies,Storage,South,Standard Class,347.92,3,0.06,-77.65,CUST-1618
ORD-00864,2025-09-01,Office Supplies,Paper,South,Second Class,187.78,10,0.22,9.71,CUST-1932
ORD-00271,2025-09-01,Technology,Phones,West,Standard Class,126.68,5,0.04,-0.16,CUST-1144
ORD-02110,2025-09-01,Office Supplies,Art,East,Same Day,127.89,10,0.09,40.11,CUST-1584
ORD-02976,2025-09-01,Office Supplies,Art,East,Same Day,282.67,8,0.19,51.94,CUST-1712
ORD-02529,2025-09-02,Technology,Machines,South,First Class,181.53,10,0.15,6.72,CUST-1274
ORD-02350,2025-09-02,Furniture,Bookcases,West,Same Day,600.7,10,0.03,256.86,CUST-1979
ORD-01458,2025-09-02,Office Supplies,Paper,West,Standard Class,35.03,7,0.02,2.47,CUST-1931
ORD-02060,2025-09-02,Furniture,Chairs,East,Standard Class,269.52,9,0.02,-13.88,CUST-1312
ORD-01473,2025-09-03,Technology,Accessories,Central,Standard Class,469.14,4,0.17,158.68,CUST-1258
ORD-00366,2025-09-03,Technology,Phones,South,First Class,342.92,5,0.19,108.1,CUST-1267
ORD-00557,2025-09-03,Office Supplies,Binders,East,First Class,422.79,3,0.05,-29.12,CUST-1676
ORD-00367,2025-09-03,Furniture,Tables,West,First Class,807.38,10,0.12,-31.5,CUST-1143
ORD-02560,2025-09-04,Office Supplies,Paper,South,First Class,774.88,10,0.06,35.63,CUST-1869
ORD-00101,2025-09-04,Technology,Machines,Central,Same Day,846.85,4,0.3,226.84,CUST-1109
ORD-02934,2025-09-05,Furniture,Furnishings,West,First Class,233.93,3,0.12,-12.78,CUST-1336
ORD-01638,2025-09-05,Technology,Machines,West,First Class,835.28,3,0.14,-211.12,CUST-1383
ORD-03212,2025-09-05,Furniture,Tables,East,Second Class,838.63,3,0.24,274.62,CUST-1732
ORD-02010,2025-09-05,Furniture,Chairs,Central,Standard Class,917.0,10,0.25,256.12,CUST-1781
ORD-02312,2025-09-05,Technology,Accessories,East,Second Class,294.16,4,0.13,-22.19,CUST-1273
ORD-01298,2025-09-06,Technology,Accessories,West,Standard Class,164.82,7,0.24,47.84,CUST-1624
ORD-02388,2025-09-06,Office Supplies,Binders,East,Same Day,492.51,9,0.22,70.72,CUST-1494
ORD-01603,2025-09-06,Technology,Accessories,Central,Same Day,999.29,5,0.1,26.64,CUST-1076
ORD-01495,2025-09-06,Office Supplies,Storage,Central,Second Class,310.75,10,0.18,21.09,CUST-1629
ORD-00709,2025-09-06,Office Supplies,Art,West,Same Day,408.28,10,0.15,82.33,CUST-1560
ORD-01235,2025-09-06,Furniture,Tables,East,Same Day,431.64,5,0.29,6.31,CUST-1029
ORD-00225,2025-09-07,Office Supplies,Binders,West,Same Day,560.29,1,0.29,180.31,CUST-1687
ORD-02415,2025-09-07,Technology,Machines,West,Same Day,336.8,2,0.17,-40.3,CUST-1330
ORD-02512,2025-09-07,Office Supplies,Paper,West,First Class,260.16,6,0.08,68.21,CUST-1712
ORD-02546,2025-09-07,Furniture,Tables,South,Standard Class,510.57,2,0.3,-75.82,CUST-1657
ORD-00676,2025-09-08,Office Supplies,Art,East,Standard Class,825.08,1,0.04,-59.3,CUST-1797
ORD-00415,2025-09-08,Office Supplies,Art,East,Standard Class,530.14,3,0.16,146.51,CUST-1163
ORD-00045,2025-09-08,Office Supplies,Binders,Central,Standard Class,218.08,10,0.18,-7.55,CUST-1452
ORD-01781,2025-09-09,Technology,Phones,West,Standard Class,184.38,2,0.09,55.68,CUST-1699
ORD-00583,2025-09-10,Technology,Machines,South,Same Day,246.19,4,0.16,99.08,CUST-1393
ORD-01479,2025-09-10,Furniture,Bookcases,South,Second Class,129.12,1,0.26,42.58,CUST-1178
ORD-02907,2025-09-10,Office Supplies,Binders,Central,First Class,470.36,5,0.12,72.15,CUST-1999
ORD-02599,2025-09-10,Furniture,Furnishings,South,Second Class,906.12,6,0.21,123.32,CUST-1921
ORD-02086,2025-09-11,Furniture,Furnishings,South,Second Class,296.09,8,0.16,50.72,CUST-1211
ORD-02330,2025-09-11,Technology,Accessories,West,First Class,697.52,1,0.08,247.16,CUST-1432
ORD-00536,2025-09-11,Furniture,Bookcases,East,Standard Class,879.89,1,0.28,290.97,CUST-1230
ORD-02474,2025-09-11,Office Supplies,Storage,West,Same Day,828.51,4,0.15,98.87,CUST-1453
ORD-01763,2025-09-12,Furniture,Tables,West,Second Class,331.85,6,0.21,-27.37,CUST-1591
ORD-00887,2025-09-12,Office Supplies,Storage,West,Standard Class,863.8,8,0.02,404.68,CUST-1407
ORD-00696,2025-09-12,Technology,Phones,East,Same Day,794.8,4,0.09,71.11,CUST-1516
ORD-03071,2025-09-12,Technology,Machines,Central,Standard Class,940.72,4,0.17,-166.22,CUST-1794
ORD-02559,2025-09-13,Office Supplies,Binders,West,First Class,296.43,2,0.04,36.11,CUST-1871
ORD-00924,2025-09-14,Office Supplies,Paper,West,Same Day,699.0,5,0.27,-67.45,CUST-1823
ORD-02480,2025-09-14,Technology,Machines,East,Second Class,716.71,1,0.13,-23.49,CUST-1523
ORD-02701,2025-09-14,Office Supplies,Art,West,Standard Class,337.0,2,0.08,69.53,CUST-1917
ORD-00075,2025-09-14,Furniture,Tables,East,Same Day,610.25,10,0.07,67.0,CUST-1461
ORD-02270,2025-09-14,Office Supplies,Paper,South,Standard Class,627.19,10,0.11,34.67,CUST-1000
ORD-03123,2025-09-14,Furniture,Bookcases,Central,First Class,955.1,5,0.15,19.22,CUST-1960
ORD-03054,2025-09-14,Technology,Machines,South,Second Class,296.57,1,0.07,-65.42,CUST-1095
ORD-00599,2025-09-14,Technology,Copiers,East,Same Day,582.36,10,0.02,280.96,CUST-1828
ORD-00670,2025-09-14,Office Supplies,Storage,West,First Class,793.31,3,0.08,339.25,CUST-1854
ORD-00548,2025-09-15,Office Supplies,Storage,West,Same Day,301.48,1,0.21,100.73,CUST-1474
ORD-00398,2025-09-15,Technology,Accessories,South,Standard Class,369.71,1,0.24,105.49,CUST-1339
ORD-00680,2025-09-15,Furniture,Chairs,West,Second Class,858.25,3,0.21,-36.65,CUST-1214
ORD-02084,2025-09-15,Furniture,Furnishings,South,Same Day,31.38,1,0.17,4.59,CUST-1314
ORD-00530,2025-09-16,Office Supplies,Storage,East,Standard Class,216.92,9,0.06,27.96,CUST-1768
ORD-00954,2025-09-16,Technology,Phones,South,Same Day,66.92,1,0.18,-2.04,CUST-1362
ORD-00427,2025-09-16,Furniture,Bookcases,West,Same Day,906.57,9,0.04,-132.99,CUST-1631
ORD-02202,2025-09-17,Technology,Accessories,West,Same Day,424.77,4,0.26,-18.9,CUST-1845
ORD-00364,2025-09-17,Technology,Copiers,South,Same Day,853.07,8,0.08,57.57,CUST-1693
ORD-03131,2025-09-17,Office Supplies,Storage,South,Second Class,447.73,5,0.1,158.92,CUST-1106
ORD-02707,2025-09-17,Office Supplies,Binders,Central,First Class,599.92,9,0.08,39.07,CUST-1750
ORD-03007,2025-09-18,Furniture,Furnishings,East,Standard Class,326.27,4,0.22,60.44,CUST-1885
ORD-02898,2025-09-18,Furniture,Furnishings,South,Same Day,110.83,7,0.24,-13.5,CUST-1144
ORD-00069,2025-09-19,Technology,Copiers,South,Standard Class,431.25,9,0.1,101.8,CUST-1277
ORD-00070,2025-09-19,Office Supplies,Paper,East,Second Class,322.39,9,0.29,57.71,CUST-1196
ORD-02853,2025-09-20,Technology,Phones,East,First Class,425.16,2,0.28,91.4,CUST-1656
ORD-01414,2025-09-20,Furniture,Furnishings,West,Same Day,117.56,8,0.09,39.19,CUST-1793
ORD-01749,2025-09-20,Office Supplies,Paper,West,First Class,958.88,3,0.19,280.12,CUST-1846
ORD-03041,2025-09-21,Technology,Accessories,East,Same Day,694.73,5,0.03,332.41,CUST-1579
ORD-01660,2025-09-21,Office Supplies,Art,West,First Class,250.29,7,0.23,-37.7,CUST-1739
ORD-00312,2025-09-21,Furniture,Tables,West,Same Day,497.11,1,0.29,-65.68,CUST-1286
ORD-02133,2025-09-21,Furniture,Bookcases,Central,First Class,250.92,7,0.01,-62.78,CUST-1543
ORD-00553,2025-09-22,Office Supplies,Storage,Central,Second Class,126.38,3,0.29,-26.67,CUST-1783
ORD-00194,2025-09-22,Technology,Phones,South,Standard Class,967.4,10,0.17,222.51,CUST-1597
ORD-00898,2025-09-22,Technology,Machines,East,First Class,639.82,6,0.24,-41.23,CUST-1214
ORD-02353,2025-09-23,Furniture,Bookcases,Central,Second Class,701.42,7,0.08,195.6,CUST-1716
ORD-02692,2025-09-23,Technology,Machines,East,First Class,874.31,6,0.23,-199.62,CUST-1617
ORD-02784,2025-09-23,Furniture,Chairs,East,Standard Class,297.29,3,0.09,129.21,CUST-1893
ORD-00232,2025-09-23,Office Supplies,Art,South,Same Day,107.62,8,0.23,-3.63,CUST-1208
ORD-01844,2025-09-23,Office Supplies,Paper,West,First Class,430.9,4,0.26,-1.4,CUST-1818
ORD-00345,2025-09-23,Office Supplies,Storage,South,Standard Class,100.23,9,0.12,-0.28,CUST-1390
ORD-02281,2025-09-24,Technology,Copiers,Central,Second Class,74.91,1,0.12,11.62,CUST-1887
ORD-01295,2025-09-24,Technology,Machines,East,Second Class,492.7,6,0.27,38.71,CUST-1507
ORD-02001,2025-09-24,Furniture,Chairs,East,Same Day,335.53,4,0.01,36.54,CUST-1742
ORD-01017,2025-09-25,Technology,Phones,South,First Class,460.26,3,0.28,-56.61,CUST-1286
ORD-03128,2025-09-25,Furniture,Tables,West,Standard Class,957.71,6,0.29,213.87,CUST-1676
ORD-02204,2025-09-25,Office Supplies,Paper,Central,Second Class,356.23,7,0.02,174.32,CUST-1547
ORD-00146,2025-09-26,Technology,Machines,Central,Second Class,673.42,9,0.03,154.4,CUST-1520
ORD-03068,2025-09-26,Technology,Accessories,West,First Class,449.71,2,0.03,177.97,CUST-1452
ORD-03017,2025-09-27,Technology,Copiers,East,Same Day,118.97,8,0.26,-4.29,CUST-1508
ORD-00212,2025-09-28,Technology,Phones,Central,Standard Class,618.48,4,0.29,36.25,CUST-1465
ORD-01196,2025-09-28,Office Supplies,Paper,East,First Class,565.28,4,0.26,38.42,CUST-1255
ORD-02807,2025-09-28,Furniture,Tables,Central,Second Class,797.45,7,0.02,285.37,CUST-1549
ORD-01843,2025-09-28,Office Supplies,Storage,Central,Same Day,758.7,6,0.16,-176.31,CUST-1461
ORD-00356,2025-09-28,Office Supplies,Storage,East,Second Class,143.04,8,0.23,-4.77,CUST-1746
ORD-02566,2025-09-30,Furniture,Chairs,West,Standard Class,290.17,2,0.28,15.3,CUST-1555
ORD-01055,2025-09-30,Furniture,Tables,South,Same Day,884.03,7,0.18,-59.92,CUST-1326
ORD-01345,2025-09-30,Furniture,Chairs,East,Same Day,148.9,8,0.25,34.81,CUST-1826
ORD-01213,2025-09-30,Technology,Copiers,East,Second Class,955.81,5,0.21,280.82,CUST-1573
ORD-01206,2025-09-30,Technology,Accessories,West,First Class,542.35,6,0.03,105.2,CUST-1608
ORD-00689,2025-09-30,Technology,Machines,West,Same Day,297.68,7,0.06,-68.36,CUST-1861
ORD-03159,2025-09-30,Furniture,Tables,West,Same Day,415.84,4,0.17,62.29,CUST-1269
ORD-01074,2025-09-30,Technology,Machines,West,First Class,914.98,4,0.28,5.57,CUST-1463
ORD-02712,2025-09-30,Furniture,Bookcases,West,First Class,147.88,8,0.18,38.49,CUST-1703
ORD-00574,2025-10-01,Furniture,Bookcases,West,Standard Class,208.55,5,0.08,-8.57,CUST-1451
ORD-00186,2025-10-02,Furniture,Tables,South,Same Day,503.77,5,0.15,-97.61,CUST-1402
ORD-01443,2025-10-03,Technology,Accessories,West,Second Class,52.27,6,0.12,18.58,CUST-1332
ORD-02766,2025-10-03,Office Supplies,Paper,East,Same Day,208.12,2,0.05,13.6,CUST-1978
ORD-01308,2025-10-04,Office Supplies,Storage,West,Second Class,328.05,4,0.14,-9.48,CUST-1693
ORD-02026,2025-10-04,Technology,Accessories,Central,Same Day,755.73,1,0.05,246.81,CUST-1091
ORD-01913,2025-10-04,Technology,Copiers,East,First Class,166.33,7,0.23,33.26,CUST-1051
ORD-03144,2025-10-05,Office Supplies,Paper,South,Standard Class,422.47,9,0.02,33.77,CUST-1316
ORD-02578,2025-10-05,Furniture,Bookcases,South,Second Class,173.08,9,0.18,62.28,CUST-1007
ORD-02829,2025-10-05,Furniture,Chairs,East,Standard Class,507.36,8,0.24,-30.33,CUST-1436
ORD-00933,2025-10-05,Furniture,Chairs,West,Second Class,656.11,2,0.17,207.57,CUST-1035
ORD-01220,2025-10-05,Furniture,Bookcases,West,First Class,339.34,6,0.27,-40.78,CUST-1600
ORD-00010,2025-10-06,Furniture,Furnishings,South,Same Day,151.44,3,0.07,21.0,CUST-1269
ORD-02033,2025-10-07,Furniture,Chairs,West,Standard Class,645.34,4,0.02,286.65,CUST-1177
ORD-02378,2025-10-07,Furniture,Chairs,South,Same Day,328.14,10,0.02,24.75,CUST-1034
ORD-01668,2025-10-07,Technology,Phones,South,Second Class,808.64,2,0.03,211.03,CUST-1465
ORD-01420,2025-10-08,Technology,Machines,South,Standard Class,706.57,5,0.09,219.81,CUST-1163
ORD-00534,2025-10-08,Office Supplies,Binders,West,Second Class,505.64,8,0.17,113.3,CUST-1040
ORD-02055,2025-10-08,Technology,Machines,West,Same Day,251.92,3,0.19,-33.08,CUST-1637
ORD-00940,2025-10-09,Office Supplies,Storage,East,Second Class,86.75,2,0.16,18.01,CUST-1416
ORD-00139,2025-10-09,Furniture,Furnishings,East,Same Day,447.79,5,0.24,58.92,CUST-1360
ORD-01445,2025-10-10,Office Supplies,Paper,South,Standard Class,23.81,3,0.05,10.33,CUST-1222
ORD-01967,2025-10-10,Office Supplies,Paper,East,Same Day,570.91,4,0.2,30.29,CUST-1106
ORD-00588,2025-10-10,Office Supplies,Art,South,Standard Class,990.39,10,0.0,484.44,CUST-1413
ORD-00503,2025-10-10,Technology,Copiers,South,Second Class,31.14,7,0.11,-5.33,CUST-1920
ORD-01805,2025-10-10,Furniture,Chairs,Central,First Class,809.75,5,0.19,116.98,CUST-1508
ORD-01321,2025-10-10,Office Supplies,Paper,West,First Class,801.79,6,0.14,73.77,CUST-1967
ORD-02146,2025-10-11,Furniture,Chairs,South,First Class,424.21,7,0.08,119.01,CUST-1939
ORD-00665,2025-10-12,Technology,Phones,Central,Same Day,156.47,7,0.11,-0.24,CUST-1291
ORD-03005,2025-10-13,Office Supplies,Binders,Central,Second Class,644.88,2,0.12,53.44,CUST-1147
ORD-00804,2025-10-13,Office Supplies,Storage,East,Same Day,38.62,4,0.27,-8.04,CUST-1567
ORD-02447,2025-10-14,Technology,Machines,South,Standard Class,337.24,9,0.28,-10.2,CUST-1769
ORD-02790,2025-10-16,Technology,Copiers,West,Second Class,44.88,3,0.07,0.24,CUST-1390
ORD-00174,2025-10-16,Technology,Copiers,East,Standard Class,892.42,3,0.21,311.52,CUST-1653
ORD-02239,2025-10-17,Office Supplies,Paper,Central,Standard Class,747.02,2,0.04,226.86,CUST-1927
ORD-02892,2025-10-17,Technology,Accessories,East,Second Class,392.41,7,0.08,163.87,CUST-1379
ORD-01773,2025-10-18,Furniture,Furnishings,East,Standard Class,836.83,3,0.29,236.24,CUST-1584
ORD-01955,2025-10-18,Office Supplies,Paper,East,First Class,538.46,8,0.28,67.96,CUST-1703
ORD-01388,2025-10-18,Technology,Machines,West,Standard Class,327.11,8,0.23,-16.53,CUST-1641
ORD-03095,2025-10-19,Furniture,Tables,Central,Second Class,907.93,7,0.23,-65.36,CUST-1700
ORD-01328,2025-10-19,Furniture,Chairs,Central,First Class,889.93,1,0.22,-128.09,CUST-1417
ORD-01995,2025-10-19,Office Supplies,Storage,Central,Second Class,69.6,1,0.24,-15.1,CUST-1172
ORD-02290,2025-10-20,Technology,Phones,West,First Class,309.49,9,0.14,-71.02,CUST-1504
ORD-03198,2025-10-20,Technology,Accessories,West,First Class,250.34,10,0.12,22.04,CUST-1214
ORD-00968,2025-10-20,Furniture,Bookcases,South,Standard Class,909.4,2,0.13,-77.69,CUST-1503
ORD-02458,2025-10-21,Office Supplies,Paper,Central,First Class,889.39,10,0.25,206.13,CUST-1046
ORD-00377,2025-10-21,Technology,Accessories,East,First Class,630.42,4,0.07,235.45,CUST-1319
ORD-00908,2025-10-21,Furniture,Bookcases,East,Standard Class,681.15,4,0.18,11.24,CUST-1627
ORD-00843,2025-10-21,Technology,Copiers,South,Same Day,479.02,10,0.12,184.19,CUST-1597
ORD-02734,2025-10-21,Office Supplies,Paper,South,Same Day,780.23,2,0.23,-7.7,CUST-1578
ORD-01359,2025-10-21,Technology,Machines,Central,Second Class,846.27,2,0.1,147.09,CUST-1757
ORD-02420,2025-10-21,Furniture,Tables,South,Same Day,382.3,10,0.2,-28.56,CUST-1449
ORD-01336,2025-10-22,Furniture,Furnishings,South,Standard Class,195.87,10,0.12,85.18,CUST-1464
ORD-01058,2025-10-22,Office Supplies,Paper,Central,Second Class,81.91,6,0.11,23.59,CUST-1125
ORD-02923,2025-10-22,Furniture,Furnishings,East,First Class,589.73,9,0.17,236.3,CUST-1863
ORD-00818,2025-10-23,Office Supplies,Storage,Central,First Class,683.37,8,0.15,66.11,CUST-1044
ORD-03234,2025-10-23,Furniture,Chairs,East,Second Class,944.61,1,0.07,407.77,CUST-1589
ORD-03001,2025-10-23,Technology,Machines,South,Same Day,789.64,2,0.29,-56.42,CUST-1609
ORD-01711,2025-10-23,Furniture,Tables,South,Standard Class,515.17,2,0.13,-32.36,CUST-1054
ORD-01964,2025-10-23,Office Supplies,Storage,South,Standard Class,845.8,3,0.03,359.44,CUST-1013
ORD-00085,2025-10-24,Furniture,Furnishings,East,Same Day,419.12,4,0.16,69.75,CUST-1510
ORD-02143,2025-10-24,Technology,Accessories,Central,Standard Class,415.5,5,0.01,-0.56,CUST-1127
ORD-01519,2025-10-25,Furniture,Tables,Central,Standard Class,199.93,6,0.16,4.91,CUST-1270
ORD-02968,2025-10-25,Furniture,Furnishings,South,Standard Class,970.92,6,0.1,-241.27,CUST-1570
ORD-03125,2025-10-26,Office Supplies,Storage,West,Same Day,450.87,9,0.17,-59.23,CUST-1041
ORD-01737,2025-10-26,Furniture,Bookcases,South,Standard Class,826.61,4,0.0,-45.22,CUST-1638
ORD-00520,2025-10-26,Office Supplies,Paper,South,First Class,599.28,5,0.01,205.68,CUST-1390
ORD-02267,2025-10-27,Furniture,Tables,West,Second Class,467.4,3,0.3,30.95,CUST-1553
ORD-00581,2025-10-27,Office Supplies,Storage,East,First Class,480.58,6,0.14,155.65,CUST-1289
ORD-03269,2025-10-27,Technology,Accessories,Central,Standard Class,745.27,6,0.09,268.71,CUST-1216
ORD-02194,2025-10-27,Furniture,Furnishings,West,Standard Class,640.8,4,0.12,-97.1,CUST-1952
ORD-00197,2025-10-27,Technology,Machines,South,Standard Class,957.12,8,0.27,-18.26,CUST-1362
ORD-02076,2025-10-28,Technology,Phones,South,Same Day,498.08,2,0.2,15.14,CUST-1644
ORD-00795,2025-10-28,Furniture,Furnishings,South,Second Class,901.24,6,0.16,353.13,CUST-1911
ORD-00855,2025-10-29,Technology,Phones,East,Second Class,162.15,6,0.17,45.67,CUST-1935
ORD-00636,2025-10-29,Furniture,Chairs,Central,Second Class,107.08,7,0.26,0.03,CUST-1225
ORD-01576,2025-10-30,Furniture,Tables,South,Second Class,706.2,1,0.02,117.75,CUST-1120
ORD-00315,2025-10-30,Office Supplies,Storage,Central,Second Class,83.94,4,0.04,25.47,CUST-1111
ORD-00869,2025-10-31,Technology,Machines,South,Same Day,77.55,9,0.2,16.8,CUST-1448
ORD-02116,2025-11-01,Technology,Accessories,South,First Class,110.51,10,0.26,-1.23,CUST-1702
ORD-00572,2025-11-01,Furniture,Chairs,West,Second Class,727.32,8,0.12,250.8,CUST-1118
ORD-00728,2025-11-01,Office Supplies,Paper,East,Same Day,373.92,7,0.26,126.12,CUST-1905
ORD-02197,2025-11-01,Office Supplies,Binders,Central,Same Day,123.28,1,0.02,21.9,CUST-1224
ORD-02134,2025-11-02,Technology,Phones,East,First Class,290.57,1,0.26,-13.02,CUST-1731
ORD-00109,2025-11-02,Technology,Accessories,East,Same Day,910.29,5,0.19,-152.38,CUST-1046
ORD-00132,2025-11-02,Furniture,Chairs,South,Same Day,183.94,7,0.16,-17.91,CUST-1572
ORD-01734,2025-11-02,Furniture,Bookcases,South,Second Class,914.81,6,0.12,382.31,CUST-1175
ORD-03059,2025-11-02,Technology,Machines,Central,First Class,460.44,5,0.01,-58.42,CUST-1959
ORD-00167,2025-11-02,Technology,Copiers,Central,Same Day,606.6,7,0.05,31.77,CUST-1457
ORD-00040,2025-11-03,Office Supplies,Binders,Central,Standard Class,645.07,7,0.2,193.48,CUST-1339
ORD-02780,2025-11-04,Technology,Phones,South,Same Day,513.14,2,0.26,-48.36,CUST-1636
ORD-00833,2025-11-04,Furniture,Chairs,South,First Class,500.97,1,0.19,103.3,CUST-1477
ORD-00745,2025-11-04,Furniture,Bookcases,East,Same Day,379.82,2,0.25,-50.42,CUST-1083
ORD-02581,2025-11-05,Furniture,Bookcases,East,Standard Class,872.87,3,0.24,71.93,CUST-1928
ORD-03076,2025-11-05,Technology,Accessories,West,Same Day,662.26,7,0.17,126.99,CUST-1267
ORD-02237,2025-11-06,Furniture,Bookcases,East,First Class,13.11,1,0.25,3.98,CUST-1282
ORD-00084,2025-11-06,Office Supplies,Storage,Central,Same Day,815.43,9,0.01,-185.31,CUST-1258
ORD-02878,2025-11-06,Technology,Accessories,South,Standard Class,542.07,8,0.29,-88.68,CUST-1702
ORD-00906,2025-11-07,Furniture,Chairs,South,Same Day,727.97,3,0.01,-145.35,CUST-1543
ORD-00020,2025-11-07,Furniture,Tables,Central,Same Day,222.09,3,0.22,70.32,CUST-1590
ORD-01562,2025-11-08,Technology,Copiers,West,Standard Class,808.13,4,0.07,-212.11,CUST-1494
ORD-01502,2025-11-09,Office Supplies,Binders,West,First Class,207.13,8,0.07,1.9,CUST-1762
ORD-01104,2025-11-09,Furniture,Chairs,East,Second Class,521.1,9,0.22,39.12,CUST-1228
ORD-00355,2025-11-09,Technology,Accessories,East,Same Day,921.63,6,0.01,322.91,CUST-1310
ORD-01452,2025-11-09,Technology,Accessories,West,Standard Class,783.78,10,0.29,-65.03,CUST-1607
ORD-03201,2025-11-10,Office Supplies,Paper,South,First Class,721.08,3,0.29,196.13,CUST-1823
ORD-00989,2025-11-10,Office Supplies,Paper,West,First Class,548.09,5,0.19,-89.47,CUST-1844
ORD-02873,2025-11-10,Office Supplies,Paper,West,Standard Class,776.56,9,0.2,247.33,CUST-1162
ORD-02287,2025-11-10,Office Supplies,Binders,Central,First Class,278.2,3,0.03,57.18,CUST-1306
ORD-00038,2025-11-11,Office Supplies,Paper,Central,Second Class,789.5,2,0.11,-189.03,CUST-1481
ORD-02454,2025-11-12,Technology,Phones,West,First Class,983.29,5,0.22,-99.65,CUST-1684
ORD-02772,2025-11-12,Technology,Accessories,Central,Same Day,904.77,4,0.2,313.89,CUST-1561
ORD-02924,2025-11-13,Technology,Copiers,South,Standard Class,456.99,5,0.19,-30.25,CUST-1936
ORD-01629,2025-11-13,Office Supplies,Paper,South,First Class,692.83,2,0.17,-109.49,CUST-1420
ORD-00565,2025-11-13,Office Supplies,Storage,East,Second Class,202.08,6,0.28,12.12,CUST-1485
ORD-01608,2025-11-13,Office Supplies,Binders,West,First Class,103.37,10,0.0,42.7,CUST-1043
ORD-00618,2025-11-13,Technology,Copiers,South,First Class,635.95,2,0.11,216.59,CUST-1348
ORD-03188,2025-11-14,Technology,Accessories,South,Standard Class,599.05,8,0.22,-45.08,CUST-1778
ORD-01739,2025-11-14,Technology,Accessories,Central,First Class,95.15,6,0.06,-4.82,CUST-1333
ORD-01889,2025-11-15,Technology,Phones,South,First Class,813.05,5,0.22,-4.34,CUST-1938
ORD-01582,2025-11-16,Furniture,Chairs,West,Second Class,517.66,8,0.29,156.51,CUST-1738
ORD-02877,2025-11-16,Furniture,Chairs,West,Standard Class,639.82,2,0.28,-19.39,CUST-1352
ORD-02002,2025-11-16,Furniture,Tables,East,Second Class,55.22,2,0.18,-0.83,CUST-1024
ORD-02391,2025-11-17,Technology,Copiers,Central,First Class,349.48,7,0.07,73.62,CUST-1114
ORD-02011,2025-11-17,Technology,Machines,Central,Standard Class,419.81,7,0.07,186.58,CUST-1771
ORD-02564,2025-11-18,Furniture,Bookcases,East,Same Day,600.84,7,0.29,-64.66,CUST-1068
ORD-00337,2025-11-18,Office Supplies,Binders,Central,Second Class,257.05,2,0.11,75.41,CUST-1737
ORD-00371,2025-11-18,Technology,Phones,West,Standard Class,231.09,5,0.13,82.32,CUST-1380
ORD-01430,2025-11-18,Office Supplies,Storage,South,Standard Class,141.02,6,0.22,15.61,CUST-1500
ORD-02073,2025-11-19,Technology,Phones,South,Second Class,403.67,2,0.07,53.2,CUST-1988
ORD-00149,2025-11-20,Technology,Accessories,South,Second Class,170.62,10,0.24,-21.73,CUST-1448
ORD-02456,2025-11-20,Furniture,Bookcases,East,Second Class,368.95,10,0.08,-98.25,CUST-1325
ORD-01164,2025-11-20,Technology,Phones,East,First Class,741.36,6,0.28,228.75,CUST-1645
ORD-01697,2025-11-20,Furniture,Bookcases,West,Standard Class,404.68,3,0.07,126.84,CUST-1318
ORD-02069,2025-11-20,Furniture,Furnishings,West,First Class,13.81,1,0.1,-1.94,CUST-1250
ORD-02497,2025-11-20,Furniture,Tables,West,First Class,518.48,2,0.12,64.54,CUST-1661
ORD-00708,2025-11-20,Office Supplies,Binders,South,Same Day,217.64,2,0.2,-10.19,CUST-1823
ORD-00626,2025-11-21,Technology,Machines,Central,First Class,976.09,10,0.16,-35.03,CUST-1987
ORD-00235,2025-11-22,Office Supplies,Storage,South,Same Day,176.55,6,0.05,46.33,CUST-1500
ORD-03032,2025-11-22,Office Supplies,Binders,East,Same Day,311.28,7,0.01,72.44,CUST-1814
ORD-00794,2025-11-22,Office Supplies,Storage,West,Second Class,509.72,8,0.23,91.75,CUST-1152
ORD-01724,2025-11-22,Technology,Phones,East,Standard Class,353.31,9,0.15,141.13,CUST-1769
ORD-00058,2025-11-22,Office Supplies,Art,South,Standard Class,836.56,8,0.01,108.94,CUST-1974
ORD-02276,2025-11-22,Office Supplies,Art,East,Second Class,856.76,10,0.15,104.51,CUST-1573
ORD-02029,2025-11-23,Furniture,Furnishings,Central,Second Class,206.98,3,0.16,-30.83,CUST-1812
ORD-00341,2025-11-23,Technology,Machines,East,Same Day,943.02,3,0.18,36.62,CUST-1054
ORD-02927,2025-11-23,Furniture,Chairs,West,First Class,693.12,4,0.13,277.98,CUST-1439
ORD-01464,2025-11-23,Furniture,Furnishings,Central,First Class,497.53,9,0.02,16.13,CUST-1808
ORD-00019,2025-11-23,Furniture,Tables,West,First Class,80.28,1,0.07,31.68,CUST-1880
ORD-00402,2025-11-23,Furniture,Furnishings,East,First Class,774.42,8,0.14,114.19,CUST-1516
ORD-03222,2025-11-23,Furniture,Furnishings,West,Same Day,741.39,1,0.22,-104.3,CUST-1517
ORD-00577,2025-11-24,Technology,Machines,East,Second Class,38.7,1,0.03,-9.65,CUST-1436
ORD-02804,2025-11-24,Furniture,Furnishings,East,First Class,390.52,5,0.08,147.11,CUST-1699
ORD-00502,2025-11-24,Technology,Phones,East,Standard Class,648.13,9,0.24,-98.19,CUST-1238
ORD-00095,2025-11-24,Technology,Machines,East,Standard Class,853.82,9,0.11,-35.47,CUST-1735
ORD-02395,2025-11-25,Technology,Accessories,Central,Same Day,877.64,8,0.24,332.33,CUST-1135
ORD-02439,2025-11-26,Furniture,Bookcases,East,First Class,702.81,3,0.21,27.51,CUST-1715
ORD-02057,2025-11-26,Furniture,Tables,West,First Class,230.8,9,0.23,-47.56,CUST-1279
ORD-01380,2025-11-26,Office Supplies,Binders,Central,First Class,880.51,1,0.29,-157.97,CUST-1382
ORD-00706,2025-11-26,Furniture,Bookcases,Central,Same Day,209.74,2,0.25,20.24,CUST-1294
ORD-00136,2025-11-26,Furniture,Bookcases,West,First Class,515.38,2,0.16,-62.72,CUST-1794
ORD-01937,2025-11-26,Furniture,Furnishings,West,First Class,552.01,7,0.18,-79.82,CUST-1930
ORD-03124,2025-11-27,Technology,Accessories,Central,First Class,773.87,2,0.03,-27.26,CUST-1162
ORD-02311,2025-11-27,Furniture,Furnishings,East,First Class,837.53,8,0.19,102.92,CUST-1176
ORD-00771,2025-11-27,Office Supplies,Binders,Central,Second Class,854.87,9,0.18,-151.9,CUST-1051
ORD-02121,2025-11-28,Furniture,Chairs,East,Same Day,666.94,5,0.27,-79.77,CUST-1301
ORD-03163,2025-11-28,Technology,Phones,West,First Class,65.26,10,0.25,-4.78,CUST-1626
ORD-02863,2025-11-29,Furniture,Chairs,Central,First Class,638.22,10,0.15,26.32,CUST-1986
ORD-00702,2025-11-29,Office Supplies,Binders,South,Standard Class,992.03,7,0.11,202.18,CUST-1253
ORD-00832,2025-11-30,Furniture,Furnishings,South,Standard Class,853.49,10,0.29,116.88,CUST-1428
ORD-00810,2025-11-30,Furniture,Furnishings,Central,First Class,914.88,3,0.19,-221.1,CUST-1487
ORD-02241,2025-11-30,Office Supplies,Art,West,Same Day,855.54,1,0.23,230.36,CUST-1472
ORD-01829,2025-11-30,Furniture,Tables,East,Standard Class,328.01,9,0.03,-10.83,CUST-1849
ORD-02774,2025-12-01,Furniture,Furnishings,Central,First Class,835.29,3,0.1,304.06,CUST-1068
ORD-02982,2025-12-01,Technology,Phones,South,First Class,104.7,1,0.22,12.45,CUST-1508
ORD-01994,2025-12-01,Office Supplies,Storage,Central,First Class,573.88,2,0.17,0.37,CUST-1216
ORD-02826,2025-12-01,Furniture,Tables,West,Same Day,435.54,1,0.19,152.52,CUST-1687
ORD-03038,2025-12-01,Office Supplies,Binders,East,Second Class,572.35,8,0.12,33.54,CUST-1532
ORD-01796,2025-12-02,Technology,Phones,South,First Class,203.53,1,0.12,-39.16,CUST-1055
ORD-02991,2025-12-02,Office Supplies,Storage,South,Second Class,607.57,7,0.11,-114.5,CUST-1925
ORD-01305,2025-12-02,Office Supplies,Art,South,Standard Class,119.92,3,0.26,-21.37,CUST-1793
ORD-03230,2025-12-04,Office Supplies,Binders,Central,Standard Class,519.75,5,0.22,18.24,CUST-1764
ORD-01488,2025-12-04,Technology,Accessories,Central,Second Class,852.59,10,0.04,288.93,CUST-1210
ORD-01155,2025-12-05,Furniture,Furnishings,East,Second Class,387.28,2,0.29,128.38,CUST-1229
ORD-00766,2025-12-05,Office Supplies,Paper,West,Standard Class,922.52,8,0.04,-57.82,CUST-1728
ORD-01424,2025-12-05,Office Supplies,Binders,Central,First Class,185.46,10,0.09,2.51,CUST-1153
ORD-02696,2025-12-06,Furniture,Tables,West,Second Class,852.47,7,0.18,249.32,CUST-1649
ORD-01933,2025-12-06,Furniture,Tables,East,Second Class,197.15,3,0.03,64.3,CUST-1742
ORD-02944,2025-12-07,Furniture,Chairs,West,First Class,311.22,2,0.05,39.76,CUST-1193
ORD-00666,2025-12-07,Office Supplies,Art,South,First Class,223.54,8,0.22,5.66,CUST-1453
ORD-00781,2025-12-08,Technology,Machines,West,Standard Class,93.44,9,0.1,23.55,CUST-1757
ORD-02621,2025-12-08,Furniture,Tables,South,Standard Class,675.91,6,0.28,4.24,CUST-1480
ORD-00184,2025-12-08,Office Supplies,Paper,Central,First Class,325.92,8,0.04,18.67,CUST-1144
ORD-01863,2025-12-08,Furniture,Bookcases,Central,Standard Class,917.62,6,0.08,35.46,CUST-1845
ORD-02710,2025-12-08,Technology,Phones,West,First Class,72.8,3,0.1,32.38,CUST-1112
ORD-01215,2025-12-09,Technology,Machines,West,Second Class,388.63,3,0.28,138.89,CUST-1200
ORD-01065,2025-12-09,Office Supplies,Binders,Central,Same Day,616.2,7,0.09,273.18,CUST-1505
ORD-02738,2025-12-10,Furniture,Tables,Central,Same Day,458.06,7,0.01,99.25,CUST-1048
ORD-02107,2025-12-10,Furniture,Bookcases,East,Same Day,124.5,9,0.1,-0.61,CUST-1086
ORD-03103,2025-12-10,Furniture,Tables,Central,Same Day,276.74,2,0.02,22.67,CUST-1221
ORD-01092,2025-12-11,Office Supplies,Binders,East,Same Day,927.96,3,0.14,-143.5,CUST-1989
ORD-01846,2025-12-11,Furniture,Chairs,East,Same Day,168.66,3,0.04,-28.87,CUST-1185
ORD-00472,2025-12-12,Office Supplies,Paper,South,First Class,701.26,8,0.09,-187.15,CUST-1690
ORD-02215,2025-12-12,Furniture,Chairs,East,Second Class,100.2,6,0.09,20.54,CUST-1285
ORD-02797,2025-12-12,Furniture,Bookcases,Central,Same Day,845.09,1,0.07,32.64,CUST-1926
ORD-00973,2025-12-12,Office Supplies,Storage,East,Same Day,77.03,7,0.16,29.89,CUST-1809
ORD-02006,2025-12-12,Office Supplies,Binders,Central,Standard Class,42.7,7,0.07,-1.91,CUST-1225
ORD-00462,2025-12-13,Office Supplies,Art,West,Second Class,460.21,7,0.17,-34.8,CUST-1416
ORD-01142,2025-12-13,Furniture,Bookcases,Central,Second Class,759.68,6,0.22,116.87,CUST-1886
ORD-02104,2025-12-13,Furniture,Chairs,West,First Class,13.29,4,0.12,2.65,CUST-1969
ORD-00582,2025-12-14,Technology,Accessories,East,Same Day,819.38,2,0.1,161.91,CUST-1811
ORD-00679,2025-12-14,Office Supplies,Art,West,Same Day,890.83,10,0.16,356.26,CUST-1176
ORD-00894,2025-12-14,Technology,Machines,Central,First Class,654.4,7,0.22,-54.17,CUST-1035
ORD-01371,2025-12-14,Technology,Accessories,South,Standard Class,578.52,1,0.14,25.02,CUST-1605
ORD-01799,2025-12-15,Technology,Copiers,South,Same Day,706.37,10,0.08,-179.53,CUST-1123
ORD-02679,2025-12-15,Technology,Copiers,South,Standard Class,771.41,1,0.26,244.94,CUST-1225
ORD-02003,2025-12-15,Office Supplies,Storage,Central,Standard Class,567.41,8,0.24,-31.36,CUST-1007
ORD-00137,2025-12-16,Office Supplies,Paper,West,First Class,154.98,4,0.05,-26.16,CUST-1777
ORD-01469,2025-12-16,Technology,Phones,Central,Second Class,403.21,3,0.16,146.37,CUST-1762
ORD-00528,2025-12-17,Technology,Machines,West,Same Day,54.43,4,0.06,-0.05,CUST-1775
ORD-02716,2025-12-17,Office Supplies,Art,Central,First Class,266.95,7,0.29,64.17,CUST-1843
ORD-02860,2025-12-17,Furniture,Bookcases,Central,Second Class,901.96,1,0.1,403.19,CUST-1905
ORD-00059,2025-12-17,Furniture,Chairs,East,First Class,950.12,4,0.25,140.43,CUST-1244
ORD-01854,2025-12-18,Technology,Accessories,Central,Standard Class,948.51,3,0.09,-173.73,CUST-1570
ORD-01130,2025-12-18,Office Supplies,Storage,Central,Second Class,31.23,1,0.01,10.06,CUST-1200
ORD-00576,2025-12-18,Technology,Copiers,Central,Second Class,943.85,5,0.17,-127.68,CUST-1318
ORD-02148,2025-12-19,Furniture,Tables,Central,Same Day,144.43,8,0.04,-12.1,CUST-1201
ORD-00967,2025-12-19,Technology,Machines,West,Standard Class,896.16,3,0.01,-229.16,CUST-1762
ORD-00280,2025-12-19,Technology,Copiers,West,Standard Class,979.21,5,0.09,-76.74,CUST-1878
ORD-01597,2025-12-20,Furniture,Bookcases,South,Same Day,112.53,9,0.23,1.9,CUST-1171
ORD-00294,2025-12-20,Office Supplies,Art,West,Second Class,284.2,2,0.07,47.79,CUST-1738
ORD-02858,2025-12-21,Office Supplies,Paper,West,Same Day,58.66,4,0.05,-15.36,CUST-1983
ORD-02230,2025-12-22,Office Supplies,Art,South,Same Day,29.72,8,0.2,-0.35,CUST-1447
ORD-00991,2025-12-24,Technology,Copiers,West,Same Day,689.9,2,0.15,288.88,CUST-1229
ORD-02703,2025-12-24,Technology,Machines,West,Same Day,833.8,4,0.13,9.65,CUST-1306
ORD-00124,2025-12-25,Technology,Machines,East,Standard Class,604.41,6,0.03,62.1,CUST-1158
ORD-02081,2025-12-25,Technology,Phones,West,Standard Class,453.74,5,0.19,64.15,CUST-1912
ORD-00568,2025-12-25,Furniture,Tables,Central,First Class,345.76,7,0.19,104.72,CUST-1584
ORD-02711,2025-12-26,Furniture,Tables,East,Standard Class,992.53,1,0.2,371.24,CUST-1096
ORD-00736,2025-12-26,Technology,Phones,East,Standard Class,509.5,7,0.09,7.31,CUST-1379
ORD-00133,2025-12-26,Furniture,Furnishings,East,Same Day,28.55,2,0.26,3.39,CUST-1587
ORD-02045,2025-12-27,Furniture,Bookcases,East,Same Day,111.0,3,0.04,9.99,CUST-1397
ORD-00854,2025-12-27,Office Supplies,Paper,South,Same Day,688.91,7,0.23,133.9,CUST-1306
ORD-01815,2025-12-30,Technology,Accessories,South,Standard Class,443.29,1,0.16,-93.32,CUST-1026
ORD-00469,2025-12-30,Furniture,Chairs,East,First Class,679.05,8,0.18,173.39,CUST-1554
ORD-02211,2025-12-30,Furniture,Bookcases,Central,Second Class,27.02,7,0.2,-1.7,CUST-1289
ORD-02915,2025-12-30,Technology,Machines,East,Same Day,67.21,3,0.04,8.43,CUST-1276
ORD-01635,2025-12-31,Office Supplies,Paper,East,First Class,980.9,10,0.01,-77.49,CUST-1176
ORD-00334,2025-12-31,Furniture,Tables,South,Standard Class,736.66,5,0.04,200.18,CUST-1971
ORD-00674,2026-01-01,Furniture,Chairs,Central,Standard Class,425.32,6,0.01,-28.07,CUST-1654
ORD-03152,2026-01-01,Office Supplies,Art,Central,Same Day,986.83,1,0.27,-130.36,CUST-1041
ORD-02379,2026-01-01,Furniture,Furnishings,West,Second Class,865.24,10,0.1,-66.67,CUST-1392
ORD-02839,2026-01-01,Furniture,Furnishings,South,Standard Class,926.41,8,0.14,-178.14,CUST-1092
ORD-02139,2026-01-01,Office Supplies,Binders,East,Same Day,297.28,7,0.29,40.26,CUST-1675
ORD-00161,2026-01-01,Furniture,Bookcases,West,First Class,773.79,6,0.04,-13.49,CUST-1346
ORD-01571,2026-01-01,Technology,Phones,East,Second Class,893.95,6,0.03,431.01,CUST-1084
ORD-00814,2026-01-02,Furniture,Chairs,Central,Second Class,241.92,8,0.29,-46.47,CUST-1504
ORD-01233,2026-01-03,Office Supplies,Paper,South,Second Class,754.52,8,0.24,37.36,CUST-1589
ORD-02576,2026-01-03,Technology,Copiers,East,First Class,280.19,1,0.22,31.34,CUST-1463
ORD-00113,2026-01-04,Furniture,Furnishings,Central,Second Class,968.52,8,0.03,-122.43,CUST-1654
ORD-02448,2026-01-04,Office Supplies,Art,East,Second Class,262.22,7,0.08,-71.05,CUST-1395
ORD-00098,2026-01-04,Office Supplies,Storage,West,Second Class,535.85,10,0.2,-66.85,CUST-1179
ORD-01695,2026-01-04,Technology,Accessories,South,Standard Class,102.56,9,0.11,0.24,CUST-1416
ORD-00274,2026-01-05,Furniture,Furnishings,West,Second Class,817.06,9,0.15,66.66,CUST-1701
ORD-01920,2026-01-05,Office Supplies,Paper,Central,Standard Class,155.04,6,0.12,-37.3,CUST-1417
ORD-00533,2026-01-07,Furniture,Chairs,Central,Same Day,238.86,7,0.15,54.36,CUST-1925
ORD-02900,2026-01-07,Technology,Machines,South,First Class,994.17,1,0.03,443.4,CUST-1658
ORD-02418,2026-01-07,Office Supplies,Storage,West,Second Class,197.76,3,0.21,28.58,CUST-1490
ORD-02954,2026-01-07,Technology,Copiers,South,Same Day,833.64,2,0.03,70.59,CUST-1589
ORD-01153,2026-01-07,Office Supplies,Storage,Central,Same Day,943.05,5,0.19,-131.19,CUST-1045
ORD-01730,2026-01-08,Office Supplies,Storage,Central,Same Day,573.5,1,0.2,-76.01,CUST-1921
ORD-03286,2026-01-08,Furniture,Chairs,East,Second Class,417.74,5,0.26,93.63,CUST-1969
ORD-02507,2026-01-08,Office Supplies,Art,West,Same Day,815.42,2,0.16,-70.5,CUST-1769
ORD-02465,2026-01-08,Technology,Machines,Central,Second Class,464.65,8,0.09,47.82,CUST-1101
ORD-00297,2026-01-09,Office Supplies,Paper,South,Same Day,371.76,3,0.23,132.7,CUST-1788
ORD-01693,2026-01-10,Technology,Accessories,West,First Class,837.61,5,0.25,262.47,CUST-1983
ORD-00777,2026-01-10,Furniture,Furnishings,West,First Class,720.45,9,0.28,-120.44,CUST-1322
ORD-02570,2026-01-10,Office Supplies,Art,East,Standard Class,388.95,1,0.14,77.16,CUST-1084
ORD-00970,2026-01-10,Technology,Copiers,West,Standard Class,217.93,7,0.03,-45.43,CUST-1644
ORD-01048,2026-01-10,Furniture,Furnishings,East,Same Day,797.49,7,0.02,365.27,CUST-1078
ORD-02468,2026-01-10,Office Supplies,Art,South,First Class,934.23,3,0.07,59.2,CUST-1147
ORD-00895,2026-01-10,Technology,Phones,West,Standard Class,609.38,3,0.08,101.88,CUST-1974
ORD-00135,2026-01-11,Furniture,Furnishings,East,Second Class,441.32,7,0.16,6.16,CUST-1317
ORD-00147,2026-01-11,Furniture,Bookcases,Central,Second Class,951.66,6,0.28,60.99,CUST-1231
ORD-01351,2026-01-12,Furniture,Furnishings,South,Same Day,66.09,2,0.26,-3.71,CUST-1741
ORD-01565,2026-01-13,Office Supplies,Storage,South,Standard Class,306.09,4,0.05,24.7,CUST-1950
ORD-01758,2026-01-13,Technology,Copiers,South,Second Class,385.12,10,0.28,-11.0,CUST-1633
ORD-02190,2026-01-13,Furniture,Bookcases,West,Standard Class,418.74,1,0.13,0.02,CUST-1588
ORD-00969,2026-01-14,Office Supplies,Art,East,First Class,672.26,9,0.23,-101.33,CUST-1369
ORD-02324,2026-01-14,Office Supplies,Storage,East,Standard Class,900.43,4,0.21,39.38,CUST-1936
ORD-01018,2026-01-14,Office Supplies,Binders,East,Second Class,713.55,8,0.08,51.6,CUST-1262
ORD-00774,2026-01-14,Office Supplies,Paper,East,Second Class,444.72,7,0.23,-100.93,CUST-1854
ORD-03129,2026-01-16,Technology,Accessories,East,Standard Class,739.09,6,0.17,33.35,CUST-1455
ORD-02662,2026-01-16,Furniture,Furnishings,West,Second Class,135.91,2,0.17,34.77,CUST-1249
ORD-01369,2026-01-16,Furniture,Bookcases,Central,First Class,958.51,3,0.1,312.25,CUST-1719
ORD-00957,2026-01-16,Office Supplies,Paper,Central,First Class,989.48,8,0.05,-15.99,CUST-1444
ORD-02236,2026-01-16,Technology,Machines,Central,Same Day,715.79,4,0.07,262.41,CUST-1629
ORD-02920,2026-01-17,Technology,Accessories,South,First Class,518.53,6,0.05,243.02,CUST-1425
ORD-01327,2026-01-17,Furniture,Tables,East,Same Day,212.04,7,0.19,73.37,CUST-1271
ORD-00007,2026-01-17,Furniture,Bookcases,Central,Second Class,673.47,2,0.18,-90.07,CUST-1746
ORD-02569,2026-01-18,Office Supplies,Art,West,Second Class,453.77,2,0.14,4.59,CUST-1136
ORD-01339,2026-01-18,Office Supplies,Binders,West,First Class,234.85,8,0.25,-35.89,CUST-1729
ORD-01958,2026-01-18,Technology,Phones,Central,Second Class,232.66,5,0.28,76.97,CUST-1035
ORD-03033,2026-01-18,Office Supplies,Paper,Central,Second Class,926.87,2,0.15,341.04,CUST-1671
ORD-01720,2026-01-19,Furniture,Bookcases,South,First Class,689.88,7,0.17,163.76,CUST-1535
ORD-01221,2026-01-20,Technology,Phones,South,Same Day,839.34,1,0.02,296.15,CUST-1513
ORD-00170,2026-01-20,Office Supplies,Storage,East,Second Class,682.27,6,0.11,188.52,CUST-1587
ORD-02767,2026-01-20,Office Supplies,Storage,West,Same Day,112.32,10,0.09,2.9,CUST-1499
ORD-01278,2026-01-20,Office Supplies,Art,West,Second Class,797.6,4,0.08,-26.4,CUST-1710
ORD-02700,2026-01-22,Office Supplies,Storage,Central,First Class,723.16,9,0.27,174.84,CUST-1370
ORD-02623,2026-01-22,Furniture,Chairs,Central,Same Day,629.22,6,0.0,19.27,CUST-1132
ORD-01545,2026-01-22,Technology,Copiers,South,Second Class,460.39,2,0.21,-61.95,CUST-1620
ORD-00165,2026-01-23,Office Supplies,Storage,South,Same Day,345.65,3,0.15,28.8,CUST-1946
ORD-02338,2026-01-23,Office Supplies,Paper,Central,Second Class,565.8,9,0.22,-34.27,CUST-1805
ORD-01556,2026-01-23,Furniture,Chairs,South,Same Day,439.07,9,0.01,140.6,CUST-1746
ORD-02605,2026-01-24,Office Supplies,Art,East,Same Day,583.57,10,0.24,-82.45,CUST-1000
ORD-00176,2026-01-25,Office Supplies,Paper,East,First Class,316.2,8,0.16,83.75,CUST-1843
ORD-01599,2026-01-25,Furniture,Chairs,East,Same Day,196.2,10,0.11,85.59,CUST-1956
ORD-01461,2026-01-25,Furniture,Bookcases,South,First Class,632.6,6,0.12,-21.55,CUST-1856
ORD-00791,2026-01-26,Technology,Copiers,East,Second Class,126.56,5,0.3,-5.08,CUST-1497
ORD-02356,2026-01-26,Office Supplies,Storage,South,Second Class,999.07,3,0.07,-250.17,CUST-1412
ORD-00346,2026-01-26,Furniture,Furnishings,East,Standard Class,445.34,5,0.07,-35.27,CUST-1063
ORD-00734,2026-01-27,Technology,Machines,East,First Class,474.19,6,0.29,6.07,CUST-1217
ORD-01963,2026-01-27,Furniture,Chairs,Central,Standard Class,512.97,6,0.06,9.3,CUST-1146
ORD-02077,2026-01-28,Technology,Accessories,East,First Class,857.74,5,0.07,-191.41,CUST-1130
ORD-00112,2026-01-28,Furniture,Furnishings,South,Second Class,856.9,2,0.29,-3.73,CUST-1923
ORD-01686,2026-01-28,Office Supplies,Binders,East,Standard Class,993.26,10,0.21,268.85,CUST-1292
ORD-02093,2026-01-28,Furniture,Chairs,East,Second Class,55.47,6,0.22,13.32,CUST-1412
ORD-01033,2026-01-28,Office Supplies,Binders,Central,Standard Class,507.06,2,0.21,87.78,CUST-1466
ORD-01271,2026-01-28,Furniture,Furnishings,West,Second Class,463.19,4,0.05,197.89,CUST-1943
ORD-01567,2026-01-28,Furniture,Bookcases,West,Same Day,880.31,8,0.28,10.82,CUST-1219
ORD-00455,2026-01-28,Technology,Machines,Central,Standard Class,581.87,7,0.22,174.28,CUST-1675
ORD-01300,2026-01-29,Furniture,Bookcases,Central,Standard Class,830.94,6,0.13,29.09,CUST-1402
ORD-00905,2026-01-29,Technology,Copiers,Central,Second Class,941.58,7,0.11,-213.03,CUST-1364
ORD-00233,2026-01-29,Office Supplies,Storage,East,Second Class,743.84,1,0.08,306.45,CUST-1593
ORD-01008,2026-01-30,Technology,Machines,West,Standard Class,117.32,2,0.11,33.73,CUST-1343
ORD-02627,2026-01-30,Furniture,Tables,West,Second Class,299.78,8,0.14,125.6,CUST-1706
ORD-02156,2026-01-30,Furniture,Chairs,East,Same Day,717.44,5,0.03,144.36,CUST-1147
ORD-03030,2026-01-30,Furniture,Bookcases,Central,Standard Class,611.49,4,0.12,222.43,CUST-1266
ORD-00515,2026-01-31,Office Supplies,Storage,Central,Second Class,567.51,4,0.11,70.81,CUST-1762
ORD-02986,2026-01-31,Office Supplies,Binders,East,Same Day,843.89,10,0.19,-159.52,CUST-1615
ORD-00570,2026-01-31,Office Supplies,Art,West,Standard Class,183.26,6,0.24,44.88,CUST-1935
ORD-01840,2026-02-01,Technology,Phones,South,Same Day,17.6,1,0.18,3.19,CUST-1308
ORD-01771,2026-02-01,Technology,Copiers,West,Second Class,641.05,7,0.28,156.45,CUST-1944
ORD-02925,2026-02-01,Technology,Accessories,West,Standard Class,689.58,6,0.08,278.91,CUST-1112
ORD-01600,2026-02-01,Technology,Copiers,South,First Class,969.89,8,0.03,352.25,CUST-1608
ORD-00651,2026-02-02,Office Supplies,Storage,South,First Class,475.46,9,0.2,48.03,CUST-1299
ORD-01895,2026-02-03,Furniture,Furnishings,East,First Class,788.44,9,0.19,193.15,CUST-1060
ORD-03180,2026-02-03,Technology,Copiers,East,Same Day,793.89,2,0.17,-152.56,CUST-1631
ORD-00426,2026-02-03,Furniture,Tables,East,First Class,14.98,10,0.12,1.82,CUST-1087
ORD-01035,2026-02-03,Furniture,Tables,South,Same Day,292.18,7,0.19,61.93,CUST-1960
ORD-03196,2026-02-04,Furniture,Bookcases,West,Same Day,739.27,2,0.03,-148.26,CUST-1708
ORD-00213,2026-02-04,Office Supplies,Storage,West,Second Class,683.54,10,0.26,-118.62,CUST-1457
ORD-00358,2026-02-04,Furniture,Tables,East,Standard Class,712.47,7,0.04,260.62,CUST-1900
ORD-00892,2026-02-05,Office Supplies,Storage,South,Same Day,970.79,6,0.12,-45.92,CUST-1602
ORD-00840,2026-02-05,Office Supplies,Storage,West,First Class,765.45,10,0.06,92.37,CUST-1808
ORD-02099,2026-02-05,Furniture,Bookcases,East,Same Day,150.35,3,0.04,61.79,CUST-1625
ORD-02904,2026-02-05,Office Supplies,Paper,Central,Second Class,245.41,3,0.16,97.59,CUST-1357
ORD-01239,2026-02-05,Furniture,Furnishings,West,Standard Class,108.91,9,0.21,22.29,CUST-1934
ORD-01382,2026-02-06,Furniture,Tables,West,Same Day,189.97,4,0.29,-30.0,CUST-1699
ORD-00419,2026-02-06,Technology,Machines,South,First Class,303.47,4,0.1,-63.94,CUST-1098
ORD-02833,2026-02-06,Furniture,Chairs,Central,Second Class,704.37,4,0.0,-109.61,CUST-1721
ORD-00155,2026-02-06,Furniture,Chairs,Central,First Class,840.78,6,0.24,-121.36,CUST-1293
ORD-02260,2026-02-06,Furniture,Chairs,South,First Class,215.26,3,0.06,84.74,CUST-1764
ORD-03278,2026-02-07,Furniture,Chairs,West,Same Day,751.03,1,0.23,-15.41,CUST-1726
ORD-00453,2026-02-07,Technology,Accessories,Central,Same Day,368.65,3,0.13,53.98,CUST-1267
ORD-00339,2026-02-07,Furniture,Furnishings,West,Second Class,456.77,1,0.09,-18.72,CUST-1974
ORD-01354,2026-02-08,Technology,Machines,East,First Class,594.44,2,0.17,-101.65,CUST-1782
ORD-01783,2026-02-08,Furniture,Chairs,West,Standard Class,994.62,6,0.22,288.38,CUST-1067
ORD-02047,2026-02-08,Furniture,Furnishings,Central,Standard Class,595.19,7,0.25,-65.22,CUST-1199
ORD-02119,2026-02-09,Technology,Machines,Central,Standard Class,62.13,10,0.17,17.13,CUST-1706
ORD-01569,2026-02-10,Furniture,Chairs,East,First Class,798.23,1,0.05,32.48,CUST-1918
ORD-01953,2026-02-10,Furniture,Furnishings,West,Second Class,848.04,7,0.04,330.25,CUST-1120
ORD-02249,2026-02-11,Technology,Accessories,West,Same Day,946.14,4,0.28,-90.88,CUST-1561
ORD-00873,2026-02-11,Furniture,Tables,Central,Second Class,207.99,1,0.13,88.93,CUST-1345
ORD-02050,2026-02-12,Technology,Copiers,East,Standard Class,197.57,8,0.15,33.44,CUST-1925
ORD-00888,2026-02-12,Furniture,Furnishings,South,Same Day,510.24,7,0.23,139.74,CUST-1812
ORD-02502,2026-02-12,Office Supplies,Storage,South,First Class,11.48,6,0.22,3.87,CUST-1284
ORD-02141,2026-02-13,Office Supplies,Binders,Central,Second Class,302.04,9,0.02,102.35,CUST-1262
ORD-00945,2026-02-14,Technology,Copiers,East,Standard Class,710.43,4,0.2,19.66,CUST-1468
ORD-03066,2026-02-14,Technology,Copiers,Central,First Class,472.62,4,0.12,-89.33,CUST-1054
ORD-02958,2026-02-15,Technology,Accessories,South,First Class,226.3,3,0.28,53.02,CUST-1487
ORD-03277,2026-02-15,Furniture,Chairs,South,Same Day,127.08,5,0.12,-30.77,CUST-1203
ORD-03184,2026-02-15,Office Supplies,Paper,Central,Same Day,92.41,1,0.1,-20.47,CUST-1035
ORD-01652,2026-02-16,Office Supplies,Binders,South,Same Day,35.99,10,0.01,8.18,CUST-1907
ORD-02542,2026-02-16,Furniture,Furnishings,West,First Class,943.56,5,0.16,30.82,CUST-1493
ORD-01069,2026-02-16,Office Supplies,Paper,West,Same Day,128.7,6,0.26,28.8,CUST-1909
ORD-01885,2026-02-17,Furniture,Bookcases,East,First Class,763.44,10,0.11,-128.17,CUST-1074
ORD-00255,2026-02-17,Office Supplies,Storage,Central,Same Day,817.32,10,0.04,-34.11,CUST-1970
ORD-00382,2026-02-17,Furniture,Bookcases,South,Second Class,213.44,1,0.09,44.54,CUST-1678
ORD-00248,2026-02-17,Furniture,Bookcases,West,First Class,91.22,3,0.11,26.56,CUST-1157
ORD-02715,2026-02-17,Furniture,Bookcases,East,First Class,528.34,8,0.07,-71.76,CUST-1732
ORD-02689,2026-02-17,Office Supplies,Binders,West,Standard Class,960.0,9,0.01,-262.82,CUST-1074
ORD-02617,2026-02-17,Office Supplies,Paper,West,Same Day,757.42,9,0.21,-130.07,CUST-1674
ORD-01817,2026-02-17,Technology,Phones,Central,Same Day,100.59,2,0.28,7.87,CUST-1511
ORD-00546,2026-02-18,Technology,Copiers,South,First Class,525.44,8,0.14,181.75,CUST-1898
ORD-02854,2026-02-18,Technology,Phones,East,First Class,896.22,9,0.19,-124.84,CUST-1256
ORD-00552,2026-02-18,Furniture,Tables,Central,Second Class,170.5,3,0.05,43.67,CUST-1429
ORD-01868,2026-02-19,Technology,Copiers,West,Standard Class,140.88,4,0.25,23.14,CUST-1606
ORD-02795,2026-02-19,Office Supplies,Art,East,Same Day,778.29,6,0.24,-94.3,CUST-1255
ORD-00226,2026-02-19,Technology,Copiers,South,Same Day,157.73,7,0.06,19.33,CUST-1246
ORD-01407,2026-02-19,Furniture,Chairs,South,First Class,858.43,1,0.17,-171.61,CUST-1664
ORD-00093,2026-02-19,Office Supplies,Paper,South,First Class,134.98,10,0.1,-26.69,CUST-1865
ORD-00938,2026-02-20,Technology,Accessories,South,Same Day,92.42,5,0.2,33.43,CUST-1146
ORD-00748,2026-02-20,Furniture,Furnishings,Central,Second Class,247.68,7,0.03,91.75,CUST-1166
ORD-01394,2026-02-20,Furniture,Chairs,Central,First Class,905.35,6,0.3,310.32,CUST-1846
ORD-03027,2026-02-20,Office Supplies,Storage,West,Same Day,483.85,9,0.01,39.92,CUST-1159
ORD-00497,2026-02-20,Furniture,Chairs,West,Same Day,773.51,8,0.07,356.54,CUST-1203
ORD-03221,2026-02-20,Technology,Machines,Central,Second Class,789.77,8,0.16,-126.75,CUST-1967
ORD-02291,2026-02-21,Technology,Accessories,West,Second Class,759.98,10,0.18,91.33,CUST-1362
ORD-01807,2026-02-21,Technology,Copiers,East,Same Day,908.99,2,0.04,76.76,CUST-1975
ORD-02303,2026-02-21,Furniture,Chairs,South,First Class,932.45,3,0.14,182.24,CUST-1328
ORD-01361,2026-02-22,Furniture,Bookcases,South,Standard Class,343.63,8,0.27,76.21,CUST-1982
ORD-00323,2026-02-22,Technology,Machines,West,Standard Class,222.57,3,0.08,11.63,CUST-1152
ORD-00847,2026-02-22,Furniture,Tables,South,Second Class,272.97,2,0.11,-56.86,CUST-1862
ORD-01210,2026-02-23,Office Supplies,Art,South,Second Class,176.42,4,0.3,-28.02,CUST-1822
ORD-00291,2026-02-23,Furniture,Chairs,East,Standard Class,373.89,5,0.04,114.42,CUST-1771
ORD-01529,2026-02-23,Furniture,Chairs,West,First Class,575.53,10,0.29,-34.41,CUST-1497
ORD-01497,2026-02-24,Technology,Phones,South,Standard Class,949.63,8,0.3,2.64,CUST-1985
ORD-00735,2026-02-24,Technology,Machines,Central,First Class,104.33,1,0.02,45.48,CUST-1482
ORD-02832,2026-02-24,Technology,Accessories,East,Standard Class,714.89,6,0.12,303.45,CUST-1600
ORD-01140,2026-02-25,Office Supplies,Binders,East,Standard Class,856.03,7,0.15,283.93,CUST-1393
ORD-01689,2026-02-25,Technology,Accessories,West,Standard Class,569.69,5,0.01,56.6,CUST-1317
ORD-02595,2026-02-25,Furniture,Furnishings,South,First Class,170.53,3,0.11,-38.07,CUST-1781
ORD-02495,2026-02-26,Office Supplies,Art,South,Second Class,729.88,6,0.22,89.86,CUST-1557
ORD-00405,2026-02-26,Office Supplies,Paper,Central,Same Day,963.96,5,0.14,-160.25,CUST-1422
ORD-01623,2026-02-26,Furniture,Tables,East,Standard Class,724.03,9,0.08,-147.16,CUST-1882
ORD-00594,2026-02-26,Office Supplies,Paper,West,Same Day,608.53,10,0.15,147.28,CUST-1729
ORD-02397,2026-02-26,Furniture,Bookcases,East,Second Class,380.23,9,0.27,-81.95,CUST-1928
ORD-01335,2026-02-27,Technology,Phones,West,Second Class,24.18,1,0.25,-1.99,CUST-1406
ORD-00394,2026-02-27,Furniture,Chairs,East,Second Class,510.51,8,0.26,149.42,CUST-1076
ORD-01275,2026-02-28,Furniture,Furnishings,Central,First Class,718.64,10,0.19,74.12,CUST-1024
ORD-00390,2026-02-28,Technology,Machines,South,Second Class,121.93,1,0.29,32.51,CUST-1106
ORD-02811,2026-02-28,Furniture,Bookcases,Central,Second Class,28.76,2,0.01,-6.73,CUST-1782
ORD-03062,2026-02-28,Furniture,Tables,West,Same Day,761.49,8,0.11,306.5,CUST-1719
ORD-01110,2026-03-01,Technology,Phones,South,Same Day,815.36,3,0.01,53.01,CUST-1577
ORD-01866,2026-03-01,Technology,Machines,West,First Class,313.01,6,0.14,70.65,CUST-1857
ORD-00411,2026-03-04,Office Supplies,Art,East,First Class,746.23,4,0.19,196.29,CUST-1891
ORD-03031,2026-03-04,Office Supplies,Art,East,Same Day,385.13,9,0.22,17.89,CUST-1070
ORD-00144,2026-03-04,Office Supplies,Art,East,Standard Class,75.25,2,0.17,0.58,CUST-1258
ORD-02757,2026-03-04,Technology,Machines,East,Second Class,383.63,9,0.23,-33.95,CUST-1028
ORD-02814,2026-03-04,Office Supplies,Storage,West,First Class,945.9,7,0.06,-50.47,CUST-1288
ORD-01016,2026-03-04,Furniture,Tables,East,Second Class,571.23,8,0.03,-159.6,CUST-1784
ORD-00507,2026-03-04,Furniture,Furnishings,West,Standard Class,329.37,6,0.03,37.88,CUST-1068
ORD-01511,2026-03-05,Technology,Phones,West,Second Class,859.27,3,0.26,-156.17,CUST-1525
ORD-02309,2026-03-06,Technology,Copiers,South,Same Day,895.35,1,0.13,197.88,CUST-1809
ORD-00509,2026-03-06,Technology,Machines,Central,First Class,372.69,10,0.22,-84.17,CUST-1943
ORD-00749,2026-03-06,Office Supplies,Art,West,First Class,305.56,7,0.22,104.24,CUST-1925
ORD-01475,2026-03-06,Technology,Copiers,South,Same Day,605.79,3,0.28,36.7,CUST-1611
ORD-01410,2026-03-06,Office Supplies,Paper,Central,First Class,437.42,5,0.04,28.53,CUST-1727
ORD-02398,2026-03-06,Technology,Machines,East,Standard Class,928.85,1,0.12,-218.06,CUST-1405
ORD-01386,2026-03-07,Office Supplies,Binders,East,Standard Class,253.76,3,0.07,83.56,CUST-1192
ORD-02102,2026-03-07,Office Supplies,Art,Central,Standard Class,601.31,10,0.13,-85.49,CUST-1868
ORD-01390,2026-03-07,Office Supplies,Storage,Central,First Class,532.27,1,0.06,-114.4,CUST-1913
ORD-02425,2026-03-07,Furniture,Furnishings,Central,Same Day,572.71,10,0.19,-64.3,CUST-1982
ORD-02866,2026-03-08,Technology,Phones,South,Second Class,886.2,3,0.25,-187.15,CUST-1090
ORD-02406,2026-03-08,Office Supplies,Art,West,Standard Class,887.45,5,0.23,12.65,CUST-1415
ORD-01111,2026-03-08,Furniture,Bookcases,East,Same Day,52.21,6,0.29,2.76,CUST-1740
ORD-00569,2026-03-08,Furniture,Chairs,Central,Standard Class,712.74,5,0.12,61.24,CUST-1243
ORD-00249,2026-03-08,Office Supplies,Art,East,First Class,15.14,5,0.13,4.07,CUST-1104
ORD-00423,2026-03-08,Technology,Phones,East,First Class,758.4,10,0.01,284.26,CUST-1366
ORD-01878,2026-03-09,Office Supplies,Art,East,First Class,22.91,7,0.27,-1.02,CUST-1088
ORD-02122,2026-03-09,Office Supplies,Art,South,Standard Class,443.66,9,0.27,-1.05,CUST-1793
ORD-00705,2026-03-10,Office Supplies,Binders,South,First Class,693.96,4,0.1,63.84,CUST-1783
ORD-00767,2026-03-10,Office Supplies,Art,South,Second Class,625.62,5,0.21,-114.19,CUST-1494
ORD-01662,2026-03-10,Office Supplies,Storage,West,Standard Class,946.68,6,0.23,286.49,CUST-1043
ORD-01113,2026-03-10,Technology,Phones,West,Second Class,358.35,10,0.1,87.77,CUST-1805
ORD-03100,2026-03-10,Furniture,Furnishings,West,First Class,418.33,7,0.12,-103.82,CUST-1149
ORD-02305,2026-03-11,Office Supplies,Paper,Central,First Class,24.58,6,0.07,-3.69,CUST-1277
ORD-03260,2026-03-11,Office Supplies,Binders,South,Same Day,353.28,3,0.11,121.91,CUST-1470
ORD-00856,2026-03-11,Office Supplies,Paper,South,First Class,539.15,4,0.14,-17.12,CUST-1985
ORD-00871,2026-03-11,Furniture,Chairs,East,Standard Class,161.96,6,0.05,41.78,CUST-1914
ORD-02162,2026-03-11,Office Supplies,Paper,East,Standard Class,204.63,9,0.18,-49.0,CUST-1476
ORD-01192,2026-03-12,Furniture,Bookcases,Central,Same Day,517.23,1,0.09,31.59,CUST-1102
ORD-03104,2026-03-12,Office Supplies,Binders,West,Same Day,156.93,6,0.12,30.71,CUST-1883
ORD-00335,2026-03-12,Technology,Phones,West,Standard Class,921.83,10,0.07,130.69,CUST-1959
ORD-02206,2026-03-13,Office Supplies,Storage,Central,Same Day,953.18,3,0.08,-209.35,CUST-1948
ORD-01657,2026-03-13,Office Supplies,Binders,East,Standard Class,629.32,5,0.29,96.08,CUST-1560
ORD-00578,2026-03-13,Furniture,Furnishings,Central,Standard Class,339.01,4,0.21,63.39,CUST-1546
ORD-02965,2026-03-13,Office Supplies,Paper,Central,First Class,145.17,6,0.07,36.77,CUST-1049
ORD-00762,2026-03-13,Furniture,Bookcases,East,First Class,634.11,7,0.29,170.58,CUST-1754
ORD-02296,2026-03-13,Furniture,Tables,West,Second Class,870.88,1,0.23,84.91,CUST-1361
ORD-02403,2026-03-14,Furniture,Chairs,South,First Class,141.72,8,0.1,44.87,CUST-1504
ORD-01491,2026-03-15,Furniture,Bookcases,South,First Class,233.56,8,0.05,56.61,CUST-1771
ORD-02888,2026-03-15,Furniture,Furnishings,South,Standard Class,932.08,7,0.19,-143.27,CUST-1139
ORD-02280,2026-03-15,Office Supplies,Paper,East,First Class,151.22,8,0.12,-31.91,CUST-1470
ORD-03050,2026-03-15,Furniture,Chairs,West,Same Day,242.36,2,0.09,-58.83,CUST-1965
ORD-01516,2026-03-16,Office Supplies,Storage,Central,Standard Class,837.96,10,0.1,-40.34,CUST-1971
ORD-03061,2026-03-16,Technology,Copiers,East,Second Class,817.66,7,0.29,-141.28,CUST-1853
ORD-01042,2026-03-16,Furniture,Furnishings,West,Same Day,977.58,3,0.12,-39.14,CUST-1162
ORD-01801,2026-03-17,Office Supplies,Paper,East,Standard Class,589.3,9,0.07,-103.81,CUST-1874
ORD-01951,2026-03-17,Office Supplies,Art,East,Standard Class,585.4,5,0.09,-144.4,CUST-1988
ORD-02535,2026-03-17,Office Supplies,Art,West,Standard Class,216.29,10,0.21,44.39,CUST-1417
ORD-02872,2026-03-17,Office Supplies,Binders,Central,Same Day,816.55,9,0.22,19.81,CUST-1818
ORD-00314,2026-03-18,Furniture,Chairs,South,Second Class,244.4,5,0.26,79.73,CUST-1402
ORD-00524,2026-03-18,Furniture,Tables,Central,First Class,481.1,1,0.16,-36.35,CUST-1408
ORD-02631,2026-03-19,Office Supplies,Storage,South,First Class,401.47,7,0.19,76.98,CUST-1869
ORD-01839,2026-03-19,Furniture,Furnishings,Central,Second Class,416.68,3,0.03,66.05,CUST-1335
ORD-01782,2026-03-19,Technology,Accessories,Central,First Class,580.67,6,0.29,-74.17,CUST-1293
ORD-01806,2026-03-19,Technology,Machines,West,First Class,206.68,10,0.13,-36.64,CUST-1424
ORD-02749,2026-03-20,Office Supplies,Art,South,First Class,604.04,8,0.13,-124.76,CUST-1449
ORD-02229,2026-03-20,Furniture,Tables,East,Same Day,589.23,7,0.18,150.14,CUST-1564
ORD-00983,2026-03-20,Furniture,Furnishings,West,Same Day,374.95,8,0.03,-56.3,CUST-1189
ORD-01465,2026-03-21,Technology,Accessories,East,Second Class,454.01,2,0.23,138.06,CUST-1232
ORD-01039,2026-03-21,Furniture,Bookcases,West,Standard Class,274.93,5,0.09,105.61,CUST-1931
ORD-02998,2026-03-22,Office Supplies,Binders,Central,Same Day,960.4,6,0.13,397.49,CUST-1013
ORD-01850,2026-03-22,Office Supplies,Storage,West,Second Class,875.87,3,0.17,295.14,CUST-1366
ORD-01489,2026-03-22,Furniture,Furnishings,East,First Class,524.37,10,0.0,234.71,CUST-1680
ORD-00247,2026-03-23,Office Supplies,Binders,Central,Same Day,495.7,6,0.17,0.14,CUST-1190
ORD-00206,2026-03-24,Office Supplies,Paper,Central,First Class,19.17,10,0.18,6.96,CUST-1343
ORD-01908,2026-03-24,Furniture,Tables,West,First Class,598.13,9,0.28,181.67,CUST-1332
ORD-01982,2026-03-24,Furniture,Chairs,South,First Class,516.34,7,0.18,139.86,CUST-1123
ORD-00975,2026-03-25,Office Supplies,Binders,West,Same Day,753.22,7,0.17,7.63,CUST-1621
ORD-02118,2026-03-25,Technology,Phones,Central,Second Class,217.8,7,0.04,38.41,CUST-1263
ORD-02893,2026-03-25,Office Supplies,Art,Central,Same Day,12.5,9,0.18,3.75,CUST-1851
ORD-01341,2026-03-25,Technology,Accessories,West,Second Class,778.15,4,0.22,-10.23,CUST-1615
ORD-01681,2026-03-25,Technology,Phones,East,Same Day,162.45,8,0.02,72.0,CUST-1217
ORD-02544,2026-03-26,Furniture,Bookcases,South,Same Day,192.1,5,0.25,43.07,CUST-1851
ORD-01243,2026-03-26,Furniture,Tables,West,Same Day,196.09,4,0.09,-40.28,CUST-1393
ORD-02940,2026-03-26,Technology,Accessories,Central,Second Class,407.51,1,0.04,-81.97,CUST-1585
ORD-02979,2026-03-26,Furniture,Furnishings,Central,Standard Class,737.6,4,0.06,109.75,CUST-1381
ORD-01012,2026-03-26,Technology,Accessories,Central,Same Day,728.43,3,0.21,-127.81,CUST-1417
ORD-00899,2026-03-26,Technology,Copiers,East,Second Class,818.23,1,0.03,253.18,CUST-1427
ORD-01399,2026-03-26,Office Supplies,Art,Central,Standard Class,117.41,2,0.12,42.2,CUST-1206
ORD-01822,2026-03-26,Furniture,Bookcases,East,Same Day,704.99,5,0.25,0.56,CUST-1559
ORD-01258,2026-03-27,Furniture,Bookcases,Central,First Class,413.11,1,0.23,71.82,CUST-1281
ORD-02591,2026-03-27,Technology,Accessories,South,Standard Class,276.66,8,0.23,21.11,CUST-1931
ORD-02087,2026-03-27,Technology,Phones,South,Standard Class,778.64,9,0.01,-52.41,CUST-1010
ORD-02089,2026-03-27,Furniture,Furnishings,East,Same Day,406.21,9,0.18,-83.62,CUST-1860
ORD-02876,2026-03-28,Office Supplies,Art,West,Same Day,973.83,5,0.17,294.83,CUST-1486
ORD-02161,2026-03-28,Office Supplies,Paper,East,Second Class,781.25,1,0.18,207.27,CUST-1242
ORD-02063,2026-03-28,Technology,Copiers,East,Same Day,726.98,4,0.09,-103.05,CUST-1625
ORD-00262,2026-03-29,Office Supplies,Storage,East,First Class,107.62,4,0.15,10.52,CUST-1594
ORD-00461,2026-03-29,Office Supplies,Storage,South,Second Class,522.57,2,0.28,52.55,CUST-1743
ORD-02304,2026-03-30,Office Supplies,Storage,East,Same Day,832.64,1,0.14,34.9,CUST-1132
ORD-03182,2026-03-30,Office Supplies,Binders,Central,Second Class,49.02,8,0.19,11.1,CUST-1056
ORD-02263,2026-03-30,Furniture,Furnishings,East,Standard Class,688.4,1,0.09,-88.56,CUST-1189
ORD-01972,2026-03-30,Technology,Copiers,South,Second Class,203.03,1,0.03,84.45,CUST-1661
ORD-02762,2026-03-31,Technology,Phones,South,Standard Class,680.37,9,0.18,185.25,CUST-1744
ORD-00475,2026-03-31,Office Supplies,Storage,West,Second Class,979.48,4,0.24,205.94,CUST-1823
ORD-02935,2026-03-31,Office Supplies,Storage,South,Standard Class,118.1,10,0.02,-31.3,CUST-1735
ORD-02250,2026-04-01,Office Supplies,Storage,West,Standard Class,607.7,4,0.27,19.96,CUST-1516
ORD-02005,2026-04-01,Office Supplies,Storage,South,Standard Class,885.97,2,0.13,-107.11,CUST-1911
ORD-01266,2026-04-01,Technology,Machines,Central,Second Class,424.0,10,0.08,123.42,CUST-1645
ORD-00730,2026-04-01,Technology,Machines,Central,Second Class,98.17,6,0.05,14.34,CUST-1014
ORD-02971,2026-04-01,Office Supplies,Paper,West,Same Day,570.2,8,0.05,221.25,CUST-1508
ORD-03176,2026-04-01,Technology,Phones,South,Standard Class,128.33,1,0.0,-18.39,CUST-1504
ORD-02848,2026-04-02,Furniture,Tables,West,First Class,339.02,6,0.11,114.41,CUST-1975
ORD-02478,2026-04-02,Office Supplies,Binders,East,First Class,460.13,3,0.07,138.42,CUST-1603
ORD-00514,2026-04-02,Technology,Copiers,West,Same Day,934.18,6,0.17,385.73,CUST-1865
ORD-01247,2026-04-02,Office Supplies,Binders,Central,Same Day,266.06,2,0.18,74.6,CUST-1461
ORD-02751,2026-04-02,Office Supplies,Storage,West,First Class,378.53,8,0.06,-78.72,CUST-1557
ORD-00778,2026-04-02,Furniture,Furnishings,East,Same Day,761.6,3,0.27,-141.08,CUST-1646
ORD-02524,2026-04-02,Office Supplies,Paper,West,Second Class,137.44,3,0.08,-34.75,CUST-1327
ORD-03094,2026-04-03,Office Supplies,Binders,West,Same Day,889.18,4,0.14,-70.33,CUST-1866
ORD-03210,2026-04-03,Furniture,Tables,West,First Class,966.43,8,0.01,33.59,CUST-1628
ORD-02332,2026-04-03,Furniture,Chairs,South,Second Class,944.07,10,0.17,245.57,CUST-1521
ORD-02906,2026-04-04,Furniture,Tables,Central,First Class,778.93,7,0.05,-95.66,CUST-1753
ORD-01444,2026-04-05,Office Supplies,Storage,South,Second Class,150.66,7,0.13,-36.76,CUST-1142
ORD-02392,2026-04-05,Furniture,Bookcases,South,Second Class,155.27,6,0.07,61.22,CUST-1694
ORD-02434,2026-04-06,Office Supplies,Storage,East,Standard Class,577.94,5,0.09,46.58,CUST-1600
ORD-00376,2026-04-06,Office Supplies,Storage,South,First Class,47.35,4,0.22,16.99,CUST-1913
ORD-00380,2026-04-06,Furniture,Tables,West,Second Class,219.08,1,0.18,-29.61,CUST-1375
ORD-01735,2026-04-06,Technology,Accessories,West,Standard Class,534.44,6,0.03,201.33,CUST-1962
ORD-01387,2026-04-07,Furniture,Bookcases,East,Same Day,812.8,10,0.03,91.36,CUST-1679
ORD-01547,2026-04-07,Technology,Machines,Central,Same Day,754.11,9,0.28,-90.39,CUST-1878
ORD-01246,2026-04-08,Furniture,Tables,Central,Second Class,578.94,7,0.21,-132.97,CUST-1669
ORD-01845,2026-04-08,Office Supplies,Paper,West,Same Day,343.14,5,0.02,5.78,CUST-1342
ORD-00056,2026-04-08,Technology,Accessories,South,Second Class,980.91,9,0.01,14.78,CUST-1577
ORD-00134,2026-04-08,Technology,Machines,Central,First Class,410.98,6,0.05,178.85,CUST-1471
ORD-00758,2026-04-09,Technology,Machines,Central,Standard Class,693.76,7,0.24,-121.21,CUST-1138
ORD-02500,2026-04-09,Office Supplies,Paper,West,First Class,813.79,7,0.29,119.91,CUST-1992
ORD-01718,2026-04-09,Technology,Accessories,East,Standard Class,766.89,7,0.16,-149.79,CUST-1860
ORD-03087,2026-04-09,Office Supplies,Paper,West,Second Class,82.84,5,0.2,8.18,CUST-1505
ORD-02297,2026-04-10,Furniture,Bookcases,South,Second Class,556.95,4,0.18,-44.96,CUST-1184
ORD-02635,2026-04-10,Office Supplies,Binders,West,Same Day,18.64,6,0.19,-1.47,CUST-1939
ORD-01472,2026-04-10,Furniture,Tables,East,First Class,393.58,2,0.22,122.61,CUST-1204
ORD-02683,2026-04-10,Office Supplies,Storage,South,First Class,514.0,8,0.12,189.23,CUST-1673
ORD-00209,2026-04-10,Office Supplies,Art,East,Same Day,672.56,3,0.29,39.14,CUST-1958
ORD-01568,2026-04-10,Office Supplies,Paper,Central,Second Class,614.47,3,0.1,98.65,CUST-1607
ORD-03267,2026-04-11,Office Supplies,Storage,Central,Standard Class,882.87,9,0.21,98.79,CUST-1638
ORD-02992,2026-04-11,Technology,Copiers,West,First Class,836.57,10,0.27,-160.31,CUST-1825
ORD-00586,2026-04-11,Furniture,Chairs,South,Standard Class,499.35,1,0.03,171.29,CUST-1908
ORD-01493,2026-04-11,Office Supplies,Paper,East,Second Class,33.27,1,0.09,-4.07,CUST-1847
ORD-02600,2026-04-11,Office Supplies,Paper,South,First Class,402.25,3,0.25,90.87,CUST-1994
ORD-03064,2026-04-11,Technology,Copiers,Central,Same Day,788.94,3,0.1,12.02,CUST-1397
ORD-01031,2026-04-12,Office Supplies,Binders,South,Second Class,637.95,10,0.03,-77.41,CUST-1192
ORD-01825,2026-04-12,Office Supplies,Paper,East,Second Class,273.26,7,0.16,23.29,CUST-1628
ORD-00644,2026-04-12,Furniture,Tables,Central,Standard Class,246.67,2,0.0,58.02,CUST-1165
ORD-02565,2026-04-12,Technology,Copiers,Central,Standard Class,175.55,6,0.05,37.49,CUST-1757
ORD-02960,2026-04-12,Furniture,Furnishings,West,Same Day,473.75,3,0.26,121.41,CUST-1944
ORD-00716,2026-04-13,Office Supplies,Binders,South,Second Class,243.68,10,0.22,84.84,CUST-1534
ORD-02158,2026-04-13,Furniture,Tables,West,Standard Class,87.35,8,0.25,21.93,CUST-1189
ORD-01378,2026-04-14,Office Supplies,Storage,West,Standard Class,191.16,5,0.11,45.22,CUST-1900
ORD-01694,2026-04-14,Technology,Phones,West,Same Day,347.93,9,0.24,86.54,CUST-1415
ORD-02396,2026-04-14,Furniture,Tables,Central,Same Day,923.62,6,0.07,-248.34,CUST-1767
ORD-03158,2026-04-15,Furniture,Bookcases,South,First Class,504.73,8,0.23,71.73,CUST-1688
ORD-01702,2026-04-15,Furniture,Tables,South,Same Day,630.71,1,0.22,-60.8,CUST-1286
ORD-03121,2026-04-15,Technology,Machines,East,Second Class,130.95,3,0.21,-0.21,CUST-1714
ORD-01716,2026-04-16,Furniture,Bookcases,West,Same Day,960.17,1,0.15,214.04,CUST-1557
ORD-00044,2026-04-16,Office Supplies,Storage,Central,Second Class,199.92,7,0.2,67.53,CUST-1630
ORD-01148,2026-04-16,Furniture,Chairs,Central,Standard Class,953.76,8,0.05,283.4,CUST-1282
ORD-02573,2026-04-17,Technology,Phones,Central,First Class,491.0,9,0.04,36.47,CUST-1172
ORD-00902,2026-04-17,Office Supplies,Binders,West,First Class,300.19,7,0.04,-71.64,CUST-1030
ORD-00401,2026-04-18,Furniture,Bookcases,West,Second Class,129.54,7,0.06,43.79,CUST-1195
ORD-02014,2026-04-19,Office Supplies,Binders,West,Second Class,232.28,10,0.1,7.55,CUST-1619
ORD-00311,2026-04-19,Furniture,Tables,Central,First Class,951.48,1,0.23,0.75,CUST-1755
ORD-02307,2026-04-20,Furniture,Chairs,Central,Standard Class,715.43,7,0.09,293.59,CUST-1732
ORD-03228,2026-04-20,Technology,Accessories,South,Same Day,652.75,5,0.03,20.55,CUST-1994
ORD-03160,2026-04-21,Furniture,Chairs,West,Second Class,406.3,7,0.22,154.16,CUST-1855
ORD-02622,2026-04-21,Office Supplies,Storage,Central,Same Day,168.15,5,0.24,20.73,CUST-1725
ORD-03153,2026-04-21,Furniture,Furnishings,Central,First Class,202.62,5,0.08,83.27,CUST-1369
ORD-02475,2026-04-21,Furniture,Chairs,West,First Class,688.4,7,0.02,-74.05,CUST-1408
ORD-00447,2026-04-21,Technology,Accessories,West,Standard Class,176.04,6,0.28,22.46,CUST-1070
ORD-00609,2026-04-22,Furniture,Chairs,South,Standard Class,227.22,5,0.08,-57.02,CUST-1634
ORD-02786,2026-04-22,Office Supplies,Binders,East,Same Day,660.8,6,0.12,-47.0,CUST-1627
ORD-01634,2026-04-23,Office Supplies,Binders,East,Second Class,925.56,5,0.0,237.96,CUST-1957
ORD-02528,2026-04-23,Technology,Copiers,Central,Second Class,224.41,3,0.15,-11.69,CUST-1823
ORD-01415,2026-04-24,Furniture,Tables,West,Standard Class,556.18,3,0.2,200.09,CUST-1442
ORD-01549,2026-04-24,Office Supplies,Storage,Central,Standard Class,33.64,8,0.06,-9.08,CUST-1445
ORD-01357,2026-04-24,Furniture,Furnishings,Central,Standard Class,820.18,6,0.11,344.88,CUST-1283
ORD-01794,2026-04-24,Technology,Accessories,East,Same Day,404.65,2,0.15,13.43,CUST-1043
ORD-00466,2026-04-24,Office Supplies,Binders,Central,Second Class,294.42,7,0.2,84.05,CUST-1077
ORD-03120,2026-04-25,Technology,Accessories,East,Second Class,302.76,2,0.11,-12.32,CUST-1018
ORD-03042,2026-04-25,Office Supplies,Art,South,Same Day,161.08,10,0.15,-19.75,CUST-1102
ORD-03273,2026-04-26,Office Supplies,Art,South,Same Day,944.29,5,0.03,-105.6,CUST-1785
ORD-01070,2026-04-26,Technology,Machines,East,Second Class,582.11,8,0.29,-17.55,CUST-1748
ORD-00203,2026-04-26,Office Supplies,Storage,East,Second Class,15.13,9,0.29,-1.87,CUST-1668
ORD-01620,2026-04-26,Furniture,Bookcases,West,Standard Class,286.53,7,0.23,17.34,CUST-1780
ORD-02261,2026-04-26,Technology,Phones,East,Standard Class,192.54,7,0.08,64.31,CUST-1062
ORD-02264,2026-04-26,Office Supplies,Paper,Central,Standard Class,382.97,4,0.26,110.64,CUST-1451
ORD-02818,2026-04-26,Furniture,Furnishings,West,Same Day,450.05,6,0.21,38.24,CUST-1923
ORD-00527,2026-04-27,Office Supplies,Art,Central,Second Class,327.53,10,0.2,82.73,CUST-1173
ORD-03092,2026-04-27,Office Supplies,Storage,Central,First Class,838.24,3,0.07,126.23,CUST-1069
ORD-01034,2026-04-27,Office Supplies,Art,Central,Same Day,527.94,6,0.03,-81.6,CUST-1438
ORD-02547,2026-04-27,Technology,Machines,Central,Same Day,97.55,7,0.14,19.95,CUST-1421
ORD-01227,2026-04-27,Furniture,Tables,Central,Second Class,185.34,5,0.08,8.81,CUST-1094
ORD-00567,2026-04-27,Technology,Phones,Central,Standard Class,559.63,1,0.06,130.67,CUST-1818
ORD-01928,2026-04-27,Technology,Copiers,West,First Class,159.95,2,0.03,2.18,CUST-1225
ORD-00997,2026-04-27,Technology,Copiers,West,Second Class,389.35,9,0.15,42.04,CUST-1545
ORD-02481,2026-04-27,Technology,Accessories,West,Standard Class,360.77,8,0.0,32.28,CUST-1241
ORD-01306,2026-04-27,Furniture,Tables,Central,Second Class,566.22,8,0.07,83.3,CUST-1781
ORD-00283,2026-04-28,Office Supplies,Storage,East,First Class,408.82,5,0.21,129.79,CUST-1465
ORD-01040,2026-04-29,Technology,Accessories,East,Same Day,42.35,1,0.05,-0.02,CUST-1836
ORD-02344,2026-04-29,Technology,Accessories,Central,Standard Class,844.02,6,0.23,-179.27,CUST-1871
ORD-01326,2026-04-29,Furniture,Furnishings,West,Second Class,936.93,3,0.22,254.51,CUST-1185
ORD-02995,2026-04-30,Furniture,Bookcases,West,Same Day,388.12,3,0.04,-33.77,CUST-1157
ORD-00513,2026-04-30,Technology,Phones,Central,Same Day,705.52,7,0.26,-86.95,CUST-1184
ORD-01592,2026-05-01,Furniture,Furnishings,West,Second Class,367.82,5,0.09,44.8,CUST-1561
ORD-00511,2026-05-01,Office Supplies,Binders,Central,First Class,736.96,5,0.02,-91.92,CUST-1531
ORD-00416,2026-05-01,Technology,Machines,East,Standard Class,228.99,4,0.2,-6.44,CUST-1300
ORD-00391,2026-05-02,Technology,Machines,South,Second Class,615.21,6,0.18,196.77,CUST-1901
ORD-00357,2026-05-03,Technology,Phones,West,Same Day,219.28,7,0.22,52.61,CUST-1888
ORD-01589,2026-05-03,Furniture,Bookcases,East,Same Day,988.98,4,0.16,117.87,CUST-1798
ORD-02554,2026-05-04,Office Supplies,Binders,South,First Class,750.51,2,0.26,100.96,CUST-1252
ORD-01301,2026-05-04,Furniture,Furnishings,East,Same Day,360.08,3,0.29,80.18,CUST-1019
ORD-01950,2026-05-05,Office Supplies,Storage,East,Same Day,241.53,7,0.28,-40.47,CUST-1524
ORD-02678,2026-05-05,Office Supplies,Paper,East,First Class,148.93,3,0.2,5.16,CUST-1068
ORD-01692,2026-05-05,Furniture,Furnishings,West,Second Class,316.41,4,0.16,-32.87,CUST-1686
ORD-00234,2026-05-05,Office Supplies,Paper,West,Standard Class,237.72,10,0.25,17.73,CUST-1670
ORD-02053,2026-05-06,Furniture,Furnishings,Central,First Class,150.34,10,0.04,32.23,CUST-1586
ORD-02841,2026-05-06,Office Supplies,Binders,Central,Second Class,951.36,9,0.23,-6.05,CUST-1171
ORD-01202,2026-05-06,Office Supplies,Binders,Central,First Class,441.12,5,0.22,139.07,CUST-1277
ORD-02610,2026-05-06,Furniture,Tables,East,Second Class,558.24,6,0.14,-122.92,CUST-1678
ORD-02702,2026-05-07,Office Supplies,Paper,Central,Second Class,788.68,9,0.22,-72.03,CUST-1962
ORD-02624,2026-05-07,Office Supplies,Storage,Central,First Class,151.56,1,0.26,35.07,CUST-1768
ORD-02337,2026-05-07,Office Supplies,Binders,South,Second Class,72.87,6,0.25,2.81,CUST-1002
ORD-00055,2026-05-08,Technology,Accessories,South,Second Class,280.21,8,0.01,-8.63,CUST-1695
ORD-02079,2026-05-08,Technology,Accessories,Central,Standard Class,664.13,3,0.22,-148.51,CUST-1733
ORD-00307,2026-05-08,Furniture,Bookcases,West,Same Day,916.7,6,0.08,-200.46,CUST-1381
ORD-02210,2026-05-08,Technology,Machines,West,First Class,159.31,6,0.24,5.6,CUST-1258
ORD-02153,2026-05-08,Furniture,Tables,West,Same Day,141.91,5,0.24,51.33,CUST-1946
ORD-00111,2026-05-08,Technology,Accessories,South,First Class,835.36,10,0.12,339.05,CUST-1033
ORD-00128,2026-05-09,Office Supplies,Art,West,Standard Class,318.52,6,0.23,37.79,CUST-1086
ORD-00003,2026-05-09,Furniture,Furnishings,Central,First Class,761.22,3,0.21,-16.72,CUST-1159
ORD-01626,2026-05-09,Technology,Copiers,East,Same Day,201.48,2,0.22,43.49,CUST-1435
ORD-03022,2026-05-10,Technology,Machines,South,First Class,313.01,4,0.21,9.39,CUST-1934
ORD-02951,2026-05-10,Technology,Machines,Central,Same Day,897.18,5,0.3,-17.44,CUST-1798
ORD-03288,2026-05-10,Furniture,Furnishings,Central,Standard Class,877.51,2,0.09,-123.78,CUST-1977
ORD-00219,2026-05-10,Office Supplies,Storage,South,Same Day,381.89,9,0.04,142.33,CUST-1121
ORD-00054,2026-05-10,Office Supplies,Binders,South,Same Day,15.84,6,0.09,0.17,CUST-1913
ORD-01032,2026-05-10,Technology,Accessories,South,Second Class,354.6,4,0.29,40.65,CUST-1014
ORD-01688,2026-05-11,Technology,Machines,Central,Same Day,98.76,9,0.09,11.52,CUST-1374
ORD-02175,2026-05-12,Furniture,Tables,South,Same Day,999.14,1,0.15,-71.86,CUST-1467
ORD-02348,2026-05-12,Furniture,Bookcases,Central,Standard Class,226.16,10,0.11,44.44,CUST-1657
ORD-01101,2026-05-12,Furniture,Tables,Central,Second Class,584.52,6,0.04,75.54,CUST-1579
ORD-01647,2026-05-14,Technology,Phones,Central,Same Day,172.99,5,0.3,-3.62,CUST-1033
ORD-01747,2026-05-14,Office Supplies,Art,Central,Second Class,507.01,5,0.29,154.21,CUST-1990
ORD-02145,2026-05-14,Furniture,Chairs,Central,Standard Class,679.67,8,0.03,200.41,CUST-1235
ORD-01709,2026-05-14,Furniture,Bookcases,West,Same Day,500.79,10,0.29,0.28,CUST-1194
ORD-02682,2026-05-14,Technology,Accessories,South,Same Day,736.11,6,0.19,182.44,CUST-1106
ORD-02262,2026-05-14,Technology,Phones,East,Same Day,469.91,1,0.28,116.72,CUST-1082
ORD-02798,2026-05-14,Office Supplies,Art,West,Standard Class,604.93,8,0.12,-140.62,CUST-1468
ORD-02068,2026-05-14,Office Supplies,Binders,West,First Class,71.76,6,0.28,15.42,CUST-1552
ORD-00002,2026-05-14,Furniture,Chairs,East,Second Class,240.33,10,0.01,-33.53,CUST-1665
ORD-01079,2026-05-15,Furniture,Bookcases,West,Same Day,184.88,5,0.16,14.74,CUST-1443
ORD-01396,2026-05-15,Technology,Copiers,West,Standard Class,415.11,1,0.12,11.29,CUST-1284
ORD-00454,2026-05-17,Technology,Copiers,Central,Same Day,757.42,7,0.17,91.82,CUST-1183
ORD-02306,2026-05-17,Furniture,Furnishings,South,Second Class,858.82,2,0.06,317.97,CUST-1202
ORD-01005,2026-05-17,Technology,Machines,Central,Standard Class,712.26,7,0.28,-42.33,CUST-1094
ORD-00034,2026-05-17,Office Supplies,Binders,East,Standard Class,773.41,5,0.05,39.29,CUST-1722
ORD-00221,2026-05-18,Technology,Machines,West,Second Class,466.02,3,0.08,192.9,CUST-1742
ORD-00687,2026-05-18,Furniture,Tables,South,First Class,763.8,6,0.04,-155.26,CUST-1139
ORD-00949,2026-05-18,Technology,Accessories,South,Same Day,519.86,9,0.21,10.01,CUST-1631
ORD-02969,2026-05-18,Technology,Machines,South,First Class,681.95,1,0.07,109.13,CUST-1133
ORD-01144,2026-05-18,Technology,Copiers,West,Same Day,472.66,4,0.04,-130.61,CUST-1818
ORD-03236,2026-05-18,Technology,Phones,Central,First Class,47.81,1,0.28,-0.25,CUST-1223
ORD-01318,2026-05-18,Office Supplies,Paper,West,Standard Class,37.02,8,0.04,16.29,CUST-1026
ORD-01520,2026-05-18,Technology,Accessories,West,Standard Class,198.07,6,0.21,22.27,CUST-1209
ORD-02914,2026-05-18,Office Supplies,Storage,West,Standard Class,998.23,7,0.15,-91.53,CUST-1900
ORD-01852,2026-05-20,Furniture,Tables,East,Second Class,62.94,9,0.08,16.7,CUST-1905
ORD-02325,2026-05-20,Technology,Accessories,West,First Class,402.39,8,0.2,-90.84,CUST-1414
ORD-01751,2026-05-21,Technology,Accessories,East,Standard Class,310.23,9,0.16,1.68,CUST-1600
ORD-02285,2026-05-21,Furniture,Furnishings,West,First Class,14.46,10,0.05,4.03,CUST-1545
ORD-01251,2026-05-21,Office Supplies,Art,East,Standard Class,186.94,6,0.13,9.34,CUST-1304
ORD-01208,2026-05-22,Technology,Copiers,Central,Same Day,934.96,9,0.16,178.67,CUST-1079
ORD-01172,2026-05-23,Technology,Machines,West,Same Day,301.99,2,0.21,103.86,CUST-1122
ORD-00965,2026-05-23,Furniture,Tables,East,First Class,386.55,9,0.09,72.69,CUST-1236
ORD-01168,2026-05-23,Office Supplies,Art,South,Standard Class,759.73,3,0.01,343.0,CUST-1903
ORD-00119,2026-05-23,Technology,Phones,South,Same Day,82.76,2,0.1,-13.51,CUST-1129
ORD-02488,2026-05-23,Technology,Copiers,Central,Same Day,976.56,10,0.24,-207.97,CUST-1779
ORD-01389,2026-05-23,Office Supplies,Storage,South,First Class,495.56,8,0.03,71.62,CUST-1624
ORD-03117,2026-05-23,Technology,Machines,South,Standard Class,19.16,4,0.26,-1.37,CUST-1285
ORD-00267,2026-05-23,Office Supplies,Paper,South,Second Class,194.52,7,0.12,49.63,CUST-1904
ORD-00122,2026-05-24,Office Supplies,Art,Central,Second Class,689.95,8,0.02,247.08,CUST-1095
ORD-00561,2026-05-24,Technology,Copiers,Central,Standard Class,927.83,10,0.17,89.15,CUST-1647
ORD-02659,2026-05-24,Furniture,Furnishings,East,Same Day,371.12,10,0.13,102.51,CUST-1412
ORD-02200,2026-05-24,Furniture,Bookcases,East,Second Class,39.07,5,0.28,7.66,CUST-1011
ORD-00612,2026-05-24,Technology,Copiers,Central,Second Class,782.92,5,0.23,3.76,CUST-1340
ORD-00559,2026-05-25,Technology,Phones,Central,Same Day,143.2,5,0.1,4.0,CUST-1214
ORD-00035,2026-05-25,Technology,Phones,East,First Class,945.6,3,0.16,292.05,CUST-1596
ORD-02097,2026-05-25,Office Supplies,Binders,East,Second Class,278.67,5,0.09,120.49,CUST-1134
ORD-01143,2026-05-25,Technology,Phones,East,Same Day,952.95,5,0.26,317.6,CUST-1474
ORD-01646,2026-05-25,Office Supplies,Paper,West,Second Class,701.79,2,0.16,117.83,CUST-1073
ORD-02032,2026-05-26,Office Supplies,Art,East,Same Day,857.34,3,0.23,123.94,CUST-1355
ORD-01745,2026-05-26,Office Supplies,Binders,Central,Same Day,794.37,8,0.16,-50.96,CUST-1883
ORD-03271,2026-05-27,Office Supplies,Paper,South,Second Class,402.42,10,0.25,-44.06,CUST-1975
ORD-01717,2026-05-27,Office Supplies,Binders,South,Same Day,703.11,7,0.26,50.56,CUST-1921
ORD-00993,2026-05-27,Technology,Copiers,West,Same Day,158.72,5,0.19,-9.05,CUST-1896
ORD-01028,2026-05-27,Office Supplies,Art,West,Second Class,355.78,7,0.14,39.29,CUST-1802
ORD-00011,2026-05-27,Technology,Machines,Central,Second Class,997.35,3,0.15,-192.67,CUST-1048
ORD-02213,2026-05-28,Furniture,Bookcases,West,Standard Class,680.4,5,0.15,226.25,CUST-1825
ORD-02400,2026-05-28,Office Supplies,Binders,East,First Class,860.99,10,0.01,-175.07,CUST-1168
ORD-01883,2026-05-28,Furniture,Bookcases,South,First Class,573.66,7,0.01,99.82,CUST-1129
ORD-02269,2026-05-29,Furniture,Tables,South,Same Day,458.04,6,0.25,21.61,CUST-1170
ORD-01905,2026-05-29,Office Supplies,Paper,West,Standard Class,892.09,9,0.15,104.44,CUST-1990
ORD-00304,2026-05-29,Office Supplies,Binders,Central,First Class,501.19,9,0.11,44.47,CUST-1580
ORD-03111,2026-05-30,Furniture,Furnishings,Central,First Class,165.44,6,0.11,-33.41,CUST-1726
ORD-02174,2026-05-30,Technology,Machines,Central,Same Day,262.75,9,0.13,92.13,CUST-1526
ORD-01505,2026-05-30,Furniture,Bookcases,East,Same Day,478.92,5,0.13,109.01,CUST-1068
ORD-01441,2026-05-30,Furniture,Furnishings,East,First Class,325.21,6,0.21,47.38,CUST-1982
ORD-01691,2026-05-30,Office Supplies,Binders,South,First Class,990.12,8,0.05,199.59,CUST-1468
ORD-03019,2026-05-31,Furniture,Furnishings,West,First Class,674.64,9,0.2,223.13,CUST-1733
ORD-03105,2026-06-01,Furniture,Chairs,West,Standard Class,948.59,5,0.22,-127.05,CUST-1212
ORD-01810,2026-06-01,Technology,Accessories,East,Second Class,472.6,9,0.14,172.03,CUST-1864
ORD-01952,2026-06-02,Office Supplies,Paper,Central,Second Class,720.11,10,0.13,-183.67,CUST-1662
ORD-00123,2026-06-03,Furniture,Bookcases,West,First Class,590.6,9,0.17,115.69,CUST-1420
ORD-03020,2026-06-04,Furniture,Bookcases,West,First Class,875.26,1,0.14,339.96,CUST-1320
ORD-01314,2026-06-04,Furniture,Furnishings,Central,First Class,627.45,7,0.01,-74.43,CUST-1437
ORD-02427,2026-06-04,Technology,Accessories,West,Same Day,454.91,8,0.07,190.97,CUST-1424
ORD-02791,2026-06-05,Technology,Machines,West,Second Class,574.15,4,0.07,3.73,CUST-1582
ORD-01553,2026-06-06,Furniture,Bookcases,Central,Same Day,50.12,8,0.02,-1.71,CUST-1317
ORD-01882,2026-06-06,Technology,Phones,South,Same Day,783.77,2,0.11,-2.23,CUST-1605
ORD-02362,2026-06-07,Furniture,Bookcases,East,Second Class,262.26,3,0.01,118.92,CUST-1826
ORD-00839,2026-06-07,Technology,Phones,East,Second Class,883.9,3,0.24,-98.52,CUST-1387
ORD-00711,2026-06-07,Technology,Phones,West,Standard Class,467.86,4,0.05,110.34,CUST-1307
ORD-00927,2026-06-07,Furniture,Furnishings,West,First Class,127.61,7,0.15,27.16,CUST-1977
ORD-02990,2026-06-08,Technology,Machines,South,Second Class,883.05,5,0.09,167.37,CUST-1202
ORD-01793,2026-06-08,Furniture,Chairs,East,First Class,771.47,9,0.04,-99.41,CUST-1825
ORD-01699,2026-06-08,Technology,Machines,South,First Class,998.46,2,0.25,232.59,CUST-1515
ORD-01842,2026-06-09,Office Supplies,Storage,South,First Class,333.61,7,0.08,-88.55,CUST-1809
ORD-01996,2026-06-09,Furniture,Chairs,East,Same Day,105.13,2,0.04,-24.36,CUST-1206
ORD-00253,2026-06-09,Office Supplies,Storage,Central,Same Day,784.84,6,0.08,-74.18,CUST-1640
ORD-02686,2026-06-09,Office Supplies,Binders,West,Same Day,647.15,2,0.28,229.06,CUST-1332
ORD-00634,2026-06-09,Office Supplies,Art,South,First Class,113.38,1,0.28,-13.0,CUST-1804
ORD-01640,2026-06-09,Furniture,Tables,Central,Standard Class,887.52,3,0.25,116.76,CUST-1676
ORD-00488,2026-06-09,Technology,Copiers,Central,Same Day,544.27,2,0.13,-3.49,CUST-1266
ORD-01234,2026-06-09,Technology,Machines,South,Second Class,260.05,6,0.18,18.35,CUST-1410
ORD-00712,2026-06-10,Office Supplies,Art,East,Second Class,847.51,5,0.25,137.83,CUST-1262
ORD-01484,2026-06-10,Technology,Machines,West,First Class,293.65,2,0.18,15.65,CUST-1483
ORD-01067,2026-06-11,Furniture,Tables,East,Second Class,726.87,6,0.24,71.84,CUST-1005
ORD-01540,2026-06-11,Office Supplies,Paper,West,Same Day,318.48,9,0.02,124.05,CUST-1635
ORD-02885,2026-06-11,Technology,Phones,East,First Class,281.85,4,0.06,-15.89,CUST-1005
ORD-00760,2026-06-11,Technology,Accessories,East,Standard Class,772.02,3,0.14,-187.59,CUST-1170
ORD-00083,2026-06-11,Technology,Machines,East,Same Day,354.48,6,0.1,-69.01,CUST-1164
ORD-00742,2026-06-12,Furniture,Furnishings,East,Same Day,362.95,9,0.15,29.12,CUST-1866
ORD-01372,2026-06-12,Furniture,Tables,East,Same Day,563.41,1,0.27,33.44,CUST-1723
ORD-00432,2026-06-12,Office Supplies,Art,West,Standard Class,879.11,8,0.13,244.6,CUST-1498
ORD-00042,2026-06-12,Technology,Phones,South,Second Class,262.18,7,0.0,115.48,CUST-1551
ORD-00714,2026-06-12,Office Supplies,Binders,West,Second Class,279.98,1,0.08,88.31,CUST-1674
ORD-02100,2026-06-12,Office Supplies,Paper,Central,Same Day,770.44,3,0.28,-86.18,CUST-1623
ORD-00915,2026-06-13,Furniture,Tables,Central,First Class,298.07,2,0.03,84.56,CUST-1959
ORD-02579,2026-06-13,Office Supplies,Binders,Central,Same Day,560.96,1,0.18,32.88,CUST-1246
ORD-02462,2026-06-13,Office Supplies,Art,Central,First Class,659.74,2,0.15,22.59,CUST-1273
ORD-00333,2026-06-13,Technology,Machines,Central,Second Class,710.11,9,0.21,248.56,CUST-1805
ORD-02294,2026-06-14,Technology,Machines,West,Same Day,790.65,1,0.22,-53.71,CUST-1493
ORD-01043,2026-06-14,Furniture,Chairs,West,First Class,635.13,7,0.25,96.15,CUST-1266
ORD-00491,2026-06-14,Office Supplies,Paper,West,Same Day,830.14,4,0.08,28.86,CUST-1245
ORD-00772,2026-06-15,Office Supplies,Binders,East,First Class,825.37,1,0.15,-116.71,CUST-1120
ORD-01120,2026-06-15,Technology,Copiers,West,Second Class,744.73,7,0.24,196.36,CUST-1196
ORD-01715,2026-06-15,Furniture,Furnishings,West,Second Class,877.88,9,0.05,204.51,CUST-1326
ORD-01276,2026-06-17,Office Supplies,Binders,Central,Same Day,830.02,1,0.11,201.89,CUST-1523
ORD-03034,2026-06-17,Furniture,Tables,East,First Class,143.36,9,0.25,-2.49,CUST-1339
ORD-00545,2026-06-18,Technology,Machines,Central,Same Day,888.71,7,0.12,-208.45,CUST-1752
ORD-01922,2026-06-18,Office Supplies,Art,East,Second Class,996.15,9,0.08,223.78,CUST-1733
ORD-02037,2026-06-18,Technology,Machines,Central,Same Day,732.35,2,0.25,44.51,CUST-1651
ORD-01760,2026-06-19,Furniture,Furnishings,West,First Class,462.6,4,0.06,143.4,CUST-1745
ORD-01277,2026-06-20,Office Supplies,Binders,East,Second Class,848.6,10,0.23,-137.59,CUST-1173
ORD-01767,2026-06-20,Furniture,Tables,East,Standard Class,254.02,10,0.14,26.56,CUST-1509
ORD-00741,2026-06-20,Furniture,Tables,West,First Class,237.56,1,0.14,-34.56,CUST-1478
ORD-00094,2026-06-20,Furniture,Furnishings,East,Second Class,415.88,3,0.02,132.55,CUST-1271
ORD-00287,2026-06-22,Office Supplies,Binders,South,Second Class,995.74,3,0.26,-43.11,CUST-1895
ORD-02612,2026-06-23,Furniture,Furnishings,South,Same Day,212.45,4,0.04,-28.81,CUST-1497
ORD-01214,2026-06-23,Office Supplies,Art,East,Same Day,655.57,3,0.01,-4.84,CUST-1477
ORD-00086,2026-06-24,Furniture,Tables,Central,Second Class,928.4,8,0.26,60.3,CUST-1029
ORD-01019,2026-06-24,Technology,Accessories,East,Same Day,49.2,5,0.12,16.69,CUST-1939
ORD-02207,2026-06-24,Office Supplies,Storage,Central,Standard Class,478.57,2,0.2,62.23,CUST-1654
ORD-00662,2026-06-24,Office Supplies,Binders,South,First Class,148.03,9,0.04,-39.81,CUST-1632
ORD-00046,2026-06-24,Technology,Accessories,South,Second Class,662.26,5,0.15,116.16,CUST-1343
ORD-01184,2026-06-24,Office Supplies,Storage,Central,First Class,275.63,4,0.1,88.02,CUST-1315
ORD-01216,2026-06-24,Office Supplies,Paper,East,Standard Class,335.17,6,0.27,25.01,CUST-1013
ORD-00698,2026-06-25,Office Supplies,Binders,East,Second Class,561.1,5,0.27,-69.09,CUST-1441
ORD-00076,2026-06-25,Office Supplies,Storage,Central,First Class,613.53,2,0.28,-59.09,CUST-1216
ORD-00486,2026-06-26,Technology,Accessories,West,Second Class,38.29,6,0.26,-1.13,CUST-1487
ORD-00412,2026-06-26,Furniture,Bookcases,West,Second Class,301.24,3,0.3,-50.7,CUST-1985
ORD-00796,2026-06-26,Technology,Copiers,East,Second Class,710.14,10,0.19,182.5,CUST-1316
ORD-02466,2026-06-27,Furniture,Chairs,South,Same Day,189.98,10,0.06,84.52,CUST-1936
ORD-01273,2026-06-27,Furniture,Tables,South,First Class,805.65,6,0.26,254.63,CUST-1250
ORD-02961,2026-06-28,Furniture,Chairs,East,Same Day,761.7,6,0.04,104.65,CUST-1429
ORD-01141,2026-06-28,Furniture,Tables,West,Same Day,192.58,7,0.16,36.94,CUST-1032
ORD-01412,2026-06-28,Office Supplies,Storage,Central,Standard Class,332.75,7,0.04,39.59,CUST-1251
ORD-02486,2026-06-28,Furniture,Bookcases,South,First Class,746.22,10,0.19,243.39,CUST-1461
ORD-01319,2026-06-28,Technology,Accessories,South,First Class,452.34,7,0.06,134.7,CUST-1604
ORD-00799,2026-06-28,Furniture,Bookcases,South,First Class,496.56,1,0.1,-69.54,CUST-1024
ORD-01851,2026-06-28,Furniture,Bookcases,South,Second Class,994.27,7,0.24,288.8,CUST-1653
ORD-03195,2026-06-28,Office Supplies,Art,Central,First Class,569.29,10,0.17,-62.71,CUST-1264
ORD-02908,2026-06-29,Technology,Phones,Central,Same Day,672.75,8,0.22,181.2,CUST-1710
ORD-01261,2026-06-29,Furniture,Furnishings,South,Second Class,536.92,3,0.2,-41.0,CUST-1033
ORD-01173,2026-06-29,Office Supplies,Storage,Central,First Class,865.86,5,0.22,-139.69,CUST-1362
ORD-02585,2026-06-29,Office Supplies,Paper,South,First Class,325.75,6,0.17,126.06,CUST-1936
ORD-01158,2026-06-30,Technology,Machines,Central,First Class,358.46,9,0.02,-3.57,CUST-1495
ORD-01911,2026-06-30,Technology,Machines,East,Second Class,176.51,1,0.12,30.57,CUST-1941
ORD-00290,2026-06-30,Furniture,Chairs,Central,First Class,988.27,7,0.21,64.15,CUST-1234
ORD-00656,2026-06-30,Office Supplies,Art,West,Standard Class,180.02,5,0.07,-0.41,CUST-1295
ORD-03284,2026-06-30,Technology,Accessories,South,Second Class,539.73,1,0.28,-15.59,CUST-1695
ORD-01907,2026-07-01,Office Supplies,Art,East,Same Day,366.51,10,0.1,-77.83,CUST-1983
ORD-01537,2026-07-01,Office Supplies,Binders,South,Standard Class,354.75,5,0.11,157.13,CUST-1490
ORD-02016,2026-07-01,Furniture,Chairs,West,First Class,861.82,1,0.14,-43.66,CUST-1872
ORD-03205,2026-07-02,Office Supplies,Storage,South,Same Day,337.34,5,0.1,-28.42,CUST-1462
ORD-01358,2026-07-02,Furniture,Bookcases,South,Standard Class,770.93,3,0.06,229.47,CUST-1560
ORD-02170,2026-07-02,Office Supplies,Paper,South,First Class,216.16,3,0.13,37.69,CUST-1323
ORD-02750,2026-07-02,Technology,Phones,South,Second Class,847.99,4,0.18,14.35,CUST-1137
ORD-00823,2026-07-03,Technology,Phones,East,First Class,917.55,7,0.09,315.75,CUST-1066
ORD-02487,2026-07-03,Technology,Phones,West,Second Class,642.42,5,0.24,98.65,CUST-1365
ORD-01779,2026-07-03,Furniture,Bookcases,South,Second Class,205.97,10,0.22,-20.68,CUST-1300
ORD-01969,2026-07-03,Furniture,Bookcases,Central,Second Class,217.02,5,0.22,-26.92,CUST-1910
ORD-02868,2026-07-04,Furniture,Chairs,West,First Class,215.24,2,0.23,47.11,CUST-1877
ORD-03192,2026-07-05,Office Supplies,Binders,South,First Class,839.11,6,0.1,236.72,CUST-1827
ORD-01185,2026-07-05,Office Supplies,Paper,West,Second Class,781.76,2,0.28,107.31,CUST-1337
ORD-02625,2026-07-05,Office Supplies,Storage,West,Second Class,742.3,1,0.18,101.92,CUST-1220
ORD-02803,2026-07-06,Furniture,Bookcases,South,Same Day,830.98,7,0.13,-28.46,CUST-1668
ORD-02471,2026-07-06,Furniture,Bookcases,South,Same Day,585.12,5,0.02,190.86,CUST-1430
ORD-03227,2026-07-06,Furniture,Bookcases,West,Standard Class,51.34,3,0.1,-1.38,CUST-1930
ORD-02109,2026-07-06,Office Supplies,Art,Central,Same Day,238.02,6,0.19,-2.83,CUST-1144
ORD-02943,2026-07-07,Furniture,Bookcases,East,Same Day,318.38,5,0.11,-35.66,CUST-1706
ORD-01813,2026-07-07,Furniture,Chairs,East,Same Day,962.89,9,0.15,139.23,CUST-1296
ORD-02108,2026-07-07,Furniture,Chairs,Central,First Class,533.8,1,0.11,85.24,CUST-1264
ORD-02342,2026-07-08,Furniture,Chairs,South,First Class,937.55,3,0.12,-50.6,CUST-1456
ORD-02179,2026-07-08,Furniture,Tables,East,Second Class,578.34,9,0.12,-40.99,CUST-1191
ORD-00606,2026-07-08,Office Supplies,Art,East,First Class,918.54,6,0.29,29.63,CUST-1940
ORD-02240,2026-07-08,Office Supplies,Art,East,Second Class,241.87,6,0.23,18.29,CUST-1100
ORD-01637,2026-07-09,Furniture,Tables,East,First Class,728.49,4,0.11,197.92,CUST-1779
ORD-02254,2026-07-09,Office Supplies,Art,East,Standard Class,199.93,6,0.12,-44.65,CUST-1485
ORD-01869,2026-07-09,Furniture,Tables,West,First Class,159.44,2,0.3,25.4,CUST-1511
ORD-01268,2026-07-09,Furniture,Tables,South,Standard Class,13.3,6,0.23,2.3,CUST-1699
ORD-00551,2026-07-09,Technology,Copiers,East,Same Day,729.61,9,0.18,-102.95,CUST-1563
ORD-00622,2026-07-09,Furniture,Chairs,Central,First Class,344.34,1,0.12,-39.59,CUST-1669
ORD-01632,2026-07-10,Furniture,Chairs,Central,Second Class,615.66,2,0.24,155.75,CUST-1549
ORD-01165,2026-07-10,Technology,Machines,Central,Same Day,703.11,3,0.22,94.14,CUST-1839
ORD-03060,2026-07-10,Office Supplies,Art,South,First Class,608.23,4,0.07,-121.48,CUST-1234
ORD-02138,2026-07-11,Technology,Accessories,East,Standard Class,862.17,7,0.07,72.06,CUST-1190
ORD-02248,2026-07-12,Furniture,Bookcases,East,Same Day,422.45,5,0.04,22.81,CUST-1913
ORD-03285,2026-07-12,Furniture,Tables,Central,First Class,783.08,10,0.17,16.32,CUST-1940
ORD-01930,2026-07-12,Office Supplies,Paper,East,Second Class,597.48,10,0.23,-23.3,CUST-1404
ORD-03045,2026-07-13,Furniture,Tables,Central,First Class,662.7,9,0.17,-145.88,CUST-1268
ORD-01263,2026-07-13,Technology,Machines,East,Second Class,628.61,3,0.19,77.35,CUST-1425
ORD-00857,2026-07-13,Technology,Copiers,East,Second Class,113.27,9,0.05,38.87,CUST-1617
ORD-01791,2026-07-13,Office Supplies,Storage,Central,First Class,377.18,10,0.2,150.4,CUST-1380
ORD-02320,2026-07-13,Technology,Copiers,South,Standard Class,897.14,8,0.04,345.77,CUST-1773
ORD-03142,2026-07-14,Office Supplies,Binders,South,First Class,937.32,5,0.07,142.78,CUST-1941
ORD-00549,2026-07-14,Furniture,Chairs,West,Second Class,399.14,6,0.14,-53.86,CUST-1604
ORD-00652,2026-07-14,Technology,Copiers,East,Second Class,892.98,8,0.03,10.87,CUST-1183
ORD-03141,2026-07-14,Office Supplies,Paper,South,Second Class,391.75,6,0.09,-40.71,CUST-1787
ORD-01847,2026-07-14,Office Supplies,Storage,South,Standard Class,407.22,6,0.18,4.05,CUST-1106
ORD-00317,2026-07-14,Office Supplies,Storage,Central,First Class,99.52,5,0.25,19.22,CUST-1041
ORD-02947,2026-07-14,Furniture,Bookcases,East,Second Class,261.11,7,0.0,-58.86,CUST-1401
ORD-01575,2026-07-15,Office Supplies,Art,Central,Same Day,423.79,4,0.24,121.65,CUST-1682
ORD-02473,2026-07-15,Technology,Accessories,South,First Class,359.21,2,0.1,58.85,CUST-1571
ORD-00410,2026-07-15,Furniture,Tables,South,Second Class,515.81,5,0.21,-106.93,CUST-1390
ORD-03225,2026-07-16,Office Supplies,Binders,East,Standard Class,337.29,6,0.16,74.96,CUST-1481
ORD-00747,2026-07-16,Office Supplies,Paper,West,First Class,803.54,5,0.1,-184.83,CUST-1072
ORD-01965,2026-07-17,Office Supplies,Paper,West,Standard Class,779.15,10,0.3,-47.69,CUST-1394
ORD-00785,2026-07-17,Office Supplies,Paper,West,Standard Class,306.21,10,0.2,66.5,CUST-1532
ORD-01460,2026-07-17,Office Supplies,Paper,West,Standard Class,956.54,2,0.02,-36.34,CUST-1488
ORD-02949,2026-07-17,Office Supplies,Storage,South,Same Day,859.13,1,0.12,-91.06,CUST-1332
ORD-02837,2026-07-18,Technology,Copiers,West,Standard Class,460.66,5,0.25,-102.91,CUST-1335
ORD-02946,2026-07-18,Furniture,Furnishings,South,First Class,858.45,1,0.06,-19.11,CUST-1512
ORD-01349,2026-07-19,Furniture,Chairs,Central,Standard Class,949.99,1,0.11,349.1,CUST-1115
ORD-02950,2026-07-20,Technology,Accessories,East,Same Day,762.7,1,0.07,-112.33,CUST-1594
ORD-01409,2026-07-20,Office Supplies,Paper,South,Standard Class,231.6,5,0.19,-30.11,CUST-1990
ORD-02660,2026-07-21,Office Supplies,Art,East,Same Day,528.78,4,0.06,160.64,CUST-1016
ORD-00493,2026-07-21,Technology,Machines,Central,Same Day,195.91,1,0.05,88.55,CUST-1022
ORD-00790,2026-07-21,Office Supplies,Binders,West,Standard Class,922.48,2,0.18,20.34,CUST-1123
ORD-02800,2026-07-21,Furniture,Bookcases,Central,Same Day,670.29,9,0.29,20.83,CUST-1603
ORD-03067,2026-07-22,Office Supplies,Binders,East,Same Day,491.42,4,0.2,-19.44,CUST-1929
ORD-03203,2026-07-22,Furniture,Furnishings,Central,Same Day,986.8,3,0.02,42.38,CUST-1469
ORD-02956,2026-07-22,Furniture,Tables,South,Second Class,303.08,6,0.08,136.96,CUST-1025
ORD-03074,2026-07-23,Furniture,Chairs,South,Second Class,961.91,5,0.23,189.3,CUST-1158
ORD-02851,2026-07-24,Office Supplies,Storage,West,Standard Class,332.28,5,0.04,46.79,CUST-1997
ORD-01322,2026-07-24,Furniture,Chairs,South,Same Day,406.31,2,0.11,165.11,CUST-1856
ORD-00158,2026-07-25,Furniture,Chairs,South,First Class,635.64,10,0.07,-109.44,CUST-1439
ORD-02514,2026-07-26,Technology,Machines,Central,Second Class,72.89,1,0.09,11.05,CUST-1292
ORD-00374,2026-07-26,Furniture,Bookcases,West,First Class,492.71,3,0.09,-113.7,CUST-1462
ORD-03193,2026-07-26,Office Supplies,Binders,Central,Standard Class,619.22,7,0.15,-124.7,CUST-1279
ORD-00638,2026-07-26,Technology,Accessories,Central,Standard Class,210.19,3,0.01,32.24,CUST-1287
ORD-03174,2026-07-27,Furniture,Furnishings,East,Second Class,905.83,9,0.15,48.51,CUST-1943
ORD-01112,2026-07-27,Office Supplies,Binders,West,Standard Class,505.63,9,0.06,200.59,CUST-1537
ORD-00862,2026-07-28,Office Supplies,Paper,East,Second Class,451.27,7,0.18,-37.94,CUST-1336
ORD-02111,2026-07-29,Furniture,Bookcases,Central,Second Class,46.28,4,0.15,5.01,CUST-1227
ORD-00005,2026-07-29,Technology,Phones,South,First Class,556.52,10,0.27,-4.34,CUST-1196
ORD-00645,2026-07-29,Technology,Phones,South,Same Day,774.12,7,0.06,289.06,CUST-1641
ORD-00746,2026-07-31,Technology,Machines,South,Standard Class,598.26,1,0.1,-142.64,CUST-1637
ORD-01656,2026-07-31,Technology,Copiers,East,Second Class,134.51,1,0.08,-32.47,CUST-1125
ORD-00498,2026-08-01,Technology,Phones,West,Same Day,395.23,5,0.28,-49.26,CUST-1745
ORD-01260,2026-08-01,Technology,Machines,Central,Same Day,480.85,9,0.0,-13.23,CUST-1354
ORD-03265,2026-08-02,Furniture,Chairs,South,First Class,744.77,6,0.16,-183.23,CUST-1027
ORD-01727,2026-08-02,Office Supplies,Storage,South,Second Class,858.45,10,0.27,65.58,CUST-1735
ORD-01886,2026-08-02,Office Supplies,Art,Central,First Class,465.96,8,0.09,-96.61,CUST-1765
ORD-02135,2026-08-02,Furniture,Furnishings,East,Standard Class,933.34,9,0.15,2.61,CUST-1411
ORD-00088,2026-08-03,Furniture,Tables,South,Standard Class,513.78,5,0.12,38.88,CUST-1483
ORD-02020,2026-08-03,Office Supplies,Storage,Central,Same Day,198.41,10,0.1,43.22,CUST-1482
ORD-00868,2026-08-03,Office Supplies,Art,South,Second Class,402.71,1,0.08,99.03,CUST-1139
ORD-01274,2026-08-04,Technology,Phones,East,First Class,685.2,7,0.26,251.71,CUST-1882
ORD-01797,2026-08-04,Technology,Accessories,Central,First Class,969.09,5,0.11,107.43,CUST-1282
ORD-02124,2026-08-05,Technology,Phones,West,Standard Class,533.53,4,0.19,184.03,CUST-1462
ORD-01147,2026-08-05,Furniture,Furnishings,East,Same Day,46.63,6,0.14,15.06,CUST-1223
ORD-03239,2026-08-05,Technology,Copiers,Central,Same Day,347.22,6,0.18,-0.94,CUST-1376
ORD-01521,2026-08-05,Technology,Accessories,East,Standard Class,642.21,4,0.18,108.88,CUST-1345
ORD-00641,2026-08-05,Office Supplies,Binders,South,Second Class,255.35,7,0.17,87.63,CUST-1605
ORD-03079,2026-08-05,Technology,Accessories,East,First Class,394.7,6,0.01,100.81,CUST-1601
ORD-02859,2026-08-06,Office Supplies,Art,South,Second Class,261.55,4,0.17,98.0,CUST-1148
ORD-02357,2026-08-07,Technology,Machines,Central,First Class,138.05,10,0.09,44.38,CUST-1991
ORD-01936,2026-08-07,Technology,Machines,West,First Class,387.9,9,0.01,-99.74,CUST-1791
ORD-00481,2026-08-07,Technology,Accessories,West,Standard Class,427.6,10,0.17,134.55,CUST-1073
ORD-00646,2026-08-08,Technology,Phones,East,Same Day,894.5,6,0.16,-47.13,CUST-1770
ORD-01708,2026-08-08,Furniture,Tables,West,First Class,87.81,3,0.0,-18.43,CUST-1768
ORD-00387,2026-08-08,Furniture,Chairs,West,First Class,853.73,6,0.24,-32.33,CUST-1756
ORD-02779,2026-08-09,Furniture,Bookcases,East,Second Class,705.59,8,0.15,192.59,CUST-1192
ORD-00066,2026-08-09,Technology,Machines,Central,First Class,499.36,6,0.05,-61.82,CUST-1816
ORD-00050,2026-08-09,Technology,Copiers,South,Same Day,832.26,9,0.13,-125.03,CUST-1882
ORD-01250,2026-08-09,Office Supplies,Binders,East,Same Day,465.65,1,0.27,84.68,CUST-1258
ORD-02258,2026-08-09,Office Supplies,Storage,South,First Class,969.02,2,0.13,-214.33,CUST-1301
ORD-02932,2026-08-10,Office Supplies,Paper,Central,First Class,488.35,8,0.21,-95.47,CUST-1426
ORD-01482,2026-08-11,Office Supplies,Paper,East,First Class,660.04,5,0.21,143.44,CUST-1207
ORD-03179,2026-08-12,Technology,Accessories,East,Second Class,763.36,5,0.04,181.57,CUST-1243
ORD-03146,2026-08-12,Office Supplies,Storage,East,Second Class,323.14,1,0.19,-77.98,CUST-1520
ORD-03088,2026-08-12,Technology,Accessories,South,Standard Class,969.73,7,0.02,-179.8,CUST-1073
ORD-02365,2026-08-13,Office Supplies,Paper,East,Standard Class,743.78,4,0.26,218.27,CUST-1748
ORD-01350,2026-08-13,Office Supplies,Paper,South,Standard Class,232.39,2,0.03,64.34,CUST-1982
ORD-02654,2026-08-14,Furniture,Chairs,South,Second Class,887.14,1,0.19,224.5,CUST-1229
ORD-01960,2026-08-14,Technology,Machines,Central,Same Day,337.52,8,0.12,80.1,CUST-1737
ORD-00911,2026-08-14,Furniture,Furnishings,East,Same Day,666.02,4,0.07,-101.37,CUST-1966
ORD-02078,2026-08-14,Technology,Machines,South,First Class,466.04,9,0.21,-6.67,CUST-1607
ORD-00487,2026-08-14,Technology,Copiers,South,Second Class,969.85,9,0.05,164.06,CUST-1646
ORD-02709,2026-08-15,Office Supplies,Paper,South,Second Class,846.09,10,0.09,160.11,CUST-1944
ORD-02788,2026-08-15,Furniture,Bookcases,Central,Second Class,307.08,6,0.3,53.2,CUST-1638
ORD-01486,2026-08-15,Office Supplies,Art,West,Same Day,678.95,7,0.11,27.41,CUST-1616
ORD-02917,2026-08-16,Office Supplies,Paper,South,Standard Class,975.82,4,0.13,323.33,CUST-1945
ORD-00852,2026-08-17,Technology,Machines,Central,First Class,319.94,4,0.13,126.24,CUST-1427
ORD-01100,2026-08-17,Office Supplies,Storage,South,Same Day,961.83,8,0.01,140.1,CUST-1980
ORD-00151,2026-08-18,Furniture,Bookcases,South,Same Day,771.74,7,0.15,22.91,CUST-1165
ORD-00598,2026-08-18,Technology,Copiers,South,Standard Class,960.98,5,0.09,-237.63,CUST-1945
ORD-01609,2026-08-18,Office Supplies,Storage,East,Standard Class,167.22,9,0.27,-12.44,CUST-1342
ORD-01331,2026-08-19,Office Supplies,Paper,Central,Standard Class,957.34,2,0.14,246.15,CUST-1872
ORD-01499,2026-08-19,Furniture,Bookcases,Central,Same Day,224.39,7,0.03,53.77,CUST-1607
ORD-01162,2026-08-20,Technology,Phones,West,First Class,835.52,1,0.21,324.71,CUST-1135
ORD-00700,2026-08-20,Office Supplies,Paper,East,Same Day,270.76,10,0.29,37.21,CUST-1361
ORD-02367,2026-08-20,Furniture,Chairs,South,Standard Class,834.5,7,0.09,223.13,CUST-1683
ORD-01517,2026-08-20,Technology,Machines,South,Second Class,474.63,2,0.21,180.05,CUST-1545
ORD-01304,2026-08-20,Furniture,Furnishings,South,Second Class,287.34,10,0.18,-59.5,CUST-1057
ORD-00078,2026-08-20,Office Supplies,Binders,West,Standard Class,709.89,8,0.02,-78.79,CUST-1270
ORD-00580,2026-08-21,Furniture,Tables,West,Standard Class,913.73,7,0.06,372.6,CUST-1338
ORD-02778,2026-08-21,Technology,Machines,Central,First Class,654.11,7,0.21,-28.58,CUST-1903
ORD-02781,2026-08-21,Furniture,Furnishings,South,First Class,483.44,3,0.04,104.65,CUST-1723
ORD-02007,2026-08-21,Furniture,Chairs,South,Standard Class,569.4,10,0.06,38.28,CUST-1080
ORD-00188,2026-08-21,Office Supplies,Binders,East,Same Day,142.6,5,0.22,34.6,CUST-1374
ORD-02326,2026-08-22,Technology,Phones,West,Second Class,737.55,7,0.12,250.59,CUST-1933
ORD-03183,2026-08-23,Office Supplies,Binders,Central,Second Class,232.69,9,0.17,55.16,CUST-1611
ORD-00474,2026-08-23,Technology,Copiers,Central,Second Class,503.78,4,0.13,132.26,CUST-1373
ORD-00435,2026-08-24,Technology,Accessories,Central,Same Day,231.07,10,0.22,-12.11,CUST-1475
ORD-01628,2026-08-24,Technology,Accessories,West,Standard Class,55.35,6,0.11,15.13,CUST-1545
ORD-01212,2026-08-24,Office Supplies,Art,East,Second Class,564.54,7,0.23,115.19,CUST-1363
ORD-00597,2026-08-25,Technology,Phones,Central,First Class,904.55,9,0.23,52.3,CUST-1524
ORD-01240,2026-08-25,Technology,Machines,South,Second Class,765.43,2,0.12,-30.52,CUST-1957
ORD-00156,2026-08-25,Technology,Accessories,South,Same Day,619.19,2,0.01,-78.14,CUST-1153
ORD-00671,2026-08-25,Furniture,Bookcases,South,Second Class,496.97,4,0.01,153.39,CUST-1504
ORD-02451,2026-08-25,Office Supplies,Binders,West,Second Class,209.58,7,0.27,76.27,CUST-1017
ORD-00354,2026-08-26,Furniture,Tables,Central,Same Day,152.41,10,0.2,2.61,CUST-1405
ORD-02955,2026-08-26,Office Supplies,Art,South,Standard Class,297.03,6,0.13,17.85,CUST-1524
ORD-00021,2026-08-26,Furniture,Furnishings,South,Second Class,103.38,7,0.11,2.66,CUST-1884
ORD-00399,2026-08-26,Technology,Copiers,South,First Class,106.46,4,0.0,-1.69,CUST-1648
ORD-00765,2026-08-27,Furniture,Furnishings,Central,Same Day,700.54,1,0.05,186.99,CUST-1480
ORD-00164,2026-08-27,Office Supplies,Binders,West,Standard Class,363.4,1,0.26,-9.27,CUST-1127
ORD-01992,2026-08-27,Technology,Copiers,South,First Class,320.69,5,0.24,-64.34,CUST-1326
ORD-02421,2026-08-27,Furniture,Tables,West,Standard Class,655.19,1,0.04,156.5,CUST-1022
ORD-01658,2026-08-28,Office Supplies,Paper,West,Same Day,721.0,4,0.16,-150.6,CUST-1274
ORD-02092,2026-08-28,Office Supplies,Binders,Central,Same Day,984.41,4,0.0,433.5,CUST-1457
ORD-00775,2026-08-28,Office Supplies,Art,West,First Class,273.36,7,0.11,56.44,CUST-1155
ORD-00425,2026-08-28,Furniture,Tables,West,Same Day,798.8,9,0.09,150.64,CUST-1305
ORD-02505,2026-08-29,Office Supplies,Binders,Central,Second Class,639.31,5,0.24,-99.0,CUST-1300
ORD-01998,2026-08-29,Furniture,Chairs,West,Same Day,495.64,8,0.07,155.94,CUST-1788
ORD-00972,2026-08-29,Furniture,Tables,East,Second Class,199.79,9,0.21,65.23,CUST-1777
ORD-00361,2026-08-29,Technology,Copiers,Central,Second Class,839.28,5,0.22,164.37,CUST-1291
ORD-00051,2026-08-30,Office Supplies,Art,West,Standard Class,768.16,9,0.15,-70.91,CUST-1450
ORD-01802,2026-08-30,Furniture,Chairs,East,Standard Class,408.95,7,0.03,187.26,CUST-1641
ORD-02251,2026-08-31,Technology,Phones,South,First Class,799.36,9,0.28,68.29,CUST-1402
ORD-02000,2026-08-31,Technology,Machines,Central,Second Class,842.25,4,0.28,150.36,CUST-1921
ORD-00204,2026-09-01,Office Supplies,Paper,Central,Standard Class,292.56,1,0.27,-48.79,CUST-1587
ORD-02720,2026-09-01,Office Supplies,Storage,West,Same Day,264.75,2,0.05,9.92,CUST-1526
ORD-00690,2026-09-01,Technology,Copiers,West,First Class,998.74,8,0.2,13.66,CUST-1535
ORD-02163,2026-09-01,Technology,Copiers,East,First Class,104.82,4,0.04,46.72,CUST-1576
ORD-00630,2026-09-01,Technology,Accessories,West,Second Class,643.43,9,0.14,-60.09,CUST-1178
ORD-00555,2026-09-01,Office Supplies,Storage,South,First Class,605.2,1,0.07,77.6,CUST-1634
ORD-01408,2026-09-02,Technology,Machines,Central,Same Day,455.17,4,0.2,69.22,CUST-1353
ORD-01622,2026-09-03,Office Supplies,Art,West,Same Day,228.36,3,0.01,-25.43,CUST-1497
ORD-02015,2026-09-03,Technology,Accessories,Central,First Class,256.69,2,0.29,90.79,CUST-1778
ORD-01651,2026-09-03,Office Supplies,Storage,East,Second Class,183.97,5,0.15,51.7,CUST-1321
ORD-01939,2026-09-03,Furniture,Chairs,East,Second Class,555.69,10,0.09,-100.14,CUST-1948
ORD-01685,2026-09-03,Technology,Accessories,South,First Class,219.84,6,0.18,-36.18,CUST-1104
ORD-00490,2026-09-04,Office Supplies,Binders,South,Standard Class,601.03,1,0.16,-75.3,CUST-1903
ORD-01819,2026-09-04,Technology,Phones,Central,First Class,592.95,4,0.21,-43.6,CUST-1809
ORD-00074,2026-09-05,Furniture,Chairs,South,Same Day,83.34,1,0.05,27.62,CUST-1971
ORD-01726,2026-09-05,Furniture,Tables,East,Same Day,282.15,2,0.29,-49.92,CUST-1642
ORD-02417,2026-09-06,Office Supplies,Binders,Central,Second Class,856.98,2,0.17,-120.1,CUST-1617
ORD-02117,2026-09-06,Furniture,Bookcases,Central,Same Day,501.6,8,0.13,1.36,CUST-1166
ORD-00920,2026-09-06,Technology,Accessories,South,Standard Class,707.1,7,0.02,241.27,CUST-1156
ORD-01853,2026-09-07,Office Supplies,Paper,South,Standard Class,699.47,7,0.26,65.13,CUST-1472
ORD-01989,2026-09-07,Furniture,Chairs,East,First Class,278.84,8,0.08,92.9,CUST-1006
ORD-03136,2026-09-08,Technology,Accessories,South,First Class,637.07,6,0.21,225.49,CUST-1934
ORD-00260,2026-09-08,Technology,Machines,South,First Class,792.81,6,0.21,219.11,CUST-1608
ORD-00444,2026-09-08,Furniture,Tables,South,First Class,251.23,3,0.17,-35.68,CUST-1644
ORD-01867,2026-09-08,Furniture,Bookcases,South,Second Class,261.26,4,0.01,-59.07,CUST-1746
ORD-03258,2026-09-08,Office Supplies,Binders,Central,First Class,120.89,4,0.23,-26.22,CUST-1908
ORD-01481,2026-09-09,Furniture,Tables,West,First Class,403.56,7,0.01,39.13,CUST-1850
ORD-00930,2026-09-09,Office Supplies,Binders,West,Same Day,489.35,7,0.09,-88.98,CUST-1333
ORD-01938,2026-09-09,Furniture,Bookcases,Central,Standard Class,867.57,2,0.3,-115.09,CUST-1739
ORD-00195,2026-09-10,Furniture,Furnishings,West,Second Class,41.25,2,0.06,2.05,CUST-1428
ORD-00344,2026-09-10,Furniture,Chairs,East,Second Class,179.12,5,0.29,10.03,CUST-1118
ORD-03275,2026-09-11,Office Supplies,Binders,East,Standard Class,364.77,5,0.0,-79.25,CUST-1767
ORD-01873,2026-09-11,Technology,Machines,East,First Class,552.26,5,0.06,3.62,CUST-1095
ORD-02894,2026-09-11,Office Supplies,Binders,East,First Class,461.52,6,0.11,-72.89,CUST-1693
ORD-03036,2026-09-12,Furniture,Tables,South,First Class,377.46,9,0.14,-57.47,CUST-1872
ORD-00596,2026-09-13,Technology,Phones,West,Standard Class,470.29,2,0.16,74.29,CUST-1251
ORD-00442,2026-09-14,Technology,Phones,West,Same Day,173.95,2,0.15,-11.14,CUST-1153
ORD-02650,2026-09-14,Office Supplies,Binders,East,Standard Class,544.03,5,0.28,16.53,CUST-1496
ORD-00889,2026-09-14,Furniture,Furnishings,South,First Class,761.27,5,0.18,-110.97,CUST-1744
ORD-00125,2026-09-14,Furniture,Chairs,Central,Standard Class,123.74,5,0.17,35.51,CUST-1865
ORD-01875,2026-09-15,Office Supplies,Storage,West,Second Class,321.71,7,0.26,40.7,CUST-1852
ORD-00264,2026-09-15,Furniture,Bookcases,South,First Class,124.91,3,0.1,-2.87,CUST-1803
ORD-01071,2026-09-15,Furniture,Chairs,Central,Standard Class,714.27,6,0.17,236.13,CUST-1675
ORD-00238,2026-09-16,Technology,Machines,East,First Class,536.89,7,0.0,66.32,CUST-1281
ORD-02983,2026-09-16,Technology,Accessories,East,Second Class,356.89,10,0.04,-70.12,CUST-1575
ORD-02442,2026-09-16,Furniture,Bookcases,Central,First Class,394.05,1,0.12,-82.66,CUST-1748
ORD-02209,2026-09-16,Office Supplies,Paper,West,Second Class,320.07,5,0.24,-13.12,CUST-1314
ORD-03223,2026-09-16,Office Supplies,Paper,Central,Same Day,970.25,1,0.12,198.66,CUST-1233
ORD-00065,2026-09-17,Office Supplies,Storage,Central,Standard Class,853.2,2,0.08,47.6,CUST-1768
ORD-01011,2026-09-17,Furniture,Chairs,Central,First Class,944.07,1,0.29,201.99,CUST-1981
ORD-00438,2026-09-17,Office Supplies,Binders,West,Same Day,239.43,5,0.11,-56.63,CUST-1211
ORD-01832,2026-09-18,Technology,Phones,West,Standard Class,598.6,10,0.23,94.21,CUST-1559
ORD-01088,2026-09-18,Furniture,Bookcases,East,Second Class,978.85,4,0.2,-146.2,CUST-1509
ORD-02369,2026-09-19,Office Supplies,Storage,East,Standard Class,563.11,10,0.12,214.22,CUST-1582
ORD-01177,2026-09-19,Furniture,Furnishings,Central,Second Class,206.59,2,0.29,56.58,CUST-1767
ORD-02044,2026-09-19,Office Supplies,Binders,West,Second Class,359.0,10,0.29,49.4,CUST-1711
ORD-00286,2026-09-20,Office Supplies,Binders,East,First Class,629.92,8,0.0,279.4,CUST-1161
ORD-00677,2026-09-20,Office Supplies,Art,West,First Class,225.7,9,0.07,-31.33,CUST-1918
ORD-01990,2026-09-21,Technology,Copiers,West,Standard Class,774.45,9,0.1,-201.54,CUST-1675
ORD-01024,2026-09-22,Furniture,Furnishings,East,Standard Class,460.03,9,0.05,33.2,CUST-1655
ORD-02745,2026-09-22,Office Supplies,Storage,West,First Class,52.31,6,0.04,-4.74,CUST-1734
ORD-01418,2026-09-23,Office Supplies,Binders,East,First Class,94.89,1,0.28,27.03,CUST-1339
ORD-02937,2026-09-23,Technology,Phones,West,Standard Class,139.38,2,0.21,19.48,CUST-1699
ORD-00026,2026-09-23,Furniture,Tables,Central,Second Class,969.02,10,0.22,-189.89,CUST-1321
ORD-01551,2026-09-23,Office Supplies,Storage,South,Standard Class,883.56,8,0.04,396.71,CUST-1251
ORD-02027,2026-09-24,Office Supplies,Art,East,Same Day,270.86,1,0.09,91.98,CUST-1059
ORD-02603,2026-09-24,Furniture,Chairs,East,First Class,649.67,3,0.21,112.1,CUST-1440
ORD-01921,2026-09-24,Technology,Phones,East,Same Day,575.48,9,0.02,77.48,CUST-1734
ORD-00629,2026-09-24,Furniture,Chairs,East,Second Class,926.88,10,0.27,22.31,CUST-1826
ORD-01498,2026-09-25,Furniture,Furnishings,Central,First Class,92.14,2,0.14,23.71,CUST-1247
ORD-01821,2026-09-25,Office Supplies,Paper,Central,Same Day,360.5,8,0.17,115.85,CUST-1674
ORD-03028,2026-09-26,Furniture,Chairs,East,Standard Class,452.95,4,0.14,-7.26,CUST-1289
ORD-00284,2026-09-26,Office Supplies,Binders,East,Same Day,638.49,6,0.26,159.01,CUST-1407
ORD-00764,2026-09-26,Furniture,Chairs,East,Same Day,580.64,9,0.02,235.75,CUST-1427
ORD-00096,2026-09-26,Technology,Phones,East,Second Class,634.85,5,0.3,132.17,CUST-1444
ORD-00858,2026-09-27,Furniture,Tables,West,First Class,912.23,7,0.09,-94.28,CUST-1675
ORD-02819,2026-09-27,Office Supplies,Art,South,Standard Class,617.14,5,0.2,223.53,CUST-1859
ORD-00793,2026-09-28,Furniture,Chairs,Central,First Class,871.72,7,0.14,-39.16,CUST-1463
ORD-01859,2026-09-29,Furniture,Chairs,West,Same Day,688.23,2,0.27,-8.59,CUST-1012
ORD-00091,2026-09-29,Furniture,Furnishings,South,Standard Class,339.12,9,0.11,134.7,CUST-1890
ORD-03102,2026-09-29,Office Supplies,Paper,South,Second Class,605.63,6,0.29,164.33,CUST-1323
ORD-00943,2026-09-29,Furniture,Bookcases,Central,Standard Class,611.39,1,0.05,265.56,CUST-1398
ORD-01228,2026-09-30,Office Supplies,Art,Central,Same Day,831.21,3,0.01,302.64,CUST-1394
ORD-02123,2026-10-01,Office Supplies,Art,West,First Class,844.16,1,0.05,-194.74,CUST-1763
ORD-01449,2026-10-01,Furniture,Bookcases,West,Standard Class,634.15,10,0.13,-111.73,CUST-1132
ORD-01752,2026-10-01,Furniture,Furnishings,West,Same Day,454.51,8,0.22,-23.35,CUST-1423
ORD-00863,2026-10-02,Office Supplies,Storage,East,First Class,295.03,8,0.1,99.34,CUST-1811
ORD-00173,2026-10-02,Furniture,Chairs,West,First Class,457.52,8,0.3,111.58,CUST-1990
ORD-00073,2026-10-02,Furniture,Chairs,Central,Same Day,483.93,6,0.06,-117.77,CUST-1963
ORD-01924,2026-10-02,Office Supplies,Storage,West,Standard Class,334.81,4,0.05,-6.89,CUST-1011
ORD-02128,2026-10-03,Technology,Phones,Central,Standard Class,580.67,1,0.22,87.76,CUST-1938
ORD-00395,2026-10-03,Office Supplies,Paper,Central,Standard Class,59.85,4,0.17,0.14,CUST-1836
ORD-00724,2026-10-03,Office Supplies,Storage,Central,Same Day,877.99,2,0.25,170.41,CUST-1518
ORD-01798,2026-10-04,Office Supplies,Paper,South,Second Class,123.06,4,0.01,18.53,CUST-1186
ORD-00275,2026-10-04,Office Supplies,Storage,South,Second Class,91.84,1,0.24,-8.63,CUST-1033
ORD-02667,2026-10-04,Furniture,Tables,East,Standard Class,574.75,8,0.17,169.14,CUST-1393
ORD-01705,2026-10-04,Technology,Machines,South,First Class,982.16,10,0.21,140.78,CUST-1787
ORD-01311,2026-10-04,Office Supplies,Art,East,First Class,569.65,9,0.23,55.01,CUST-1817
ORD-03213,2026-10-04,Furniture,Furnishings,West,Standard Class,305.27,6,0.13,103.38,CUST-1818
ORD-02865,2026-10-04,Technology,Machines,South,Standard Class,431.31,10,0.19,-38.39,CUST-1210
ORD-02586,2026-10-06,Office Supplies,Art,East,Standard Class,194.71,1,0.25,26.61,CUST-1440
ORD-02664,2026-10-06,Technology,Phones,East,Standard Class,46.77,2,0.01,0.81,CUST-1848
ORD-01561,2026-10-07,Furniture,Chairs,South,Standard Class,620.63,6,0.26,213.35,CUST-1264
ORD-00386,2026-10-08,Furniture,Chairs,East,First Class,905.73,4,0.14,375.31,CUST-1270
ORD-01161,2026-10-09,Technology,Accessories,West,Same Day,25.36,2,0.13,6.89,CUST-1728
ORD-02416,2026-10-10,Office Supplies,Storage,South,First Class,380.51,8,0.01,-57.04,CUST-1248
ORD-01136,2026-10-10,Technology,Copiers,West,Same Day,716.0,6,0.23,-36.31,CUST-1669
ORD-02038,2026-10-11,Office Supplies,Art,South,First Class,626.08,10,0.28,-69.28,CUST-1270
ORD-02558,2026-10-11,Furniture,Tables,West,First Class,587.14,5,0.28,149.45,CUST-1138
ORD-00952,2026-10-11,Office Supplies,Paper,Central,First Class,344.58,4,0.25,98.37,CUST-1878
ORD-03266,2026-10-11,Furniture,Bookcases,East,Same Day,205.92,3,0.06,-24.7,CUST-1031
ORD-01054,2026-10-12,Office Supplies,Storage,West,Standard Class,181.23,5,0.29,-28.01,CUST-1812
ORD-00688,2026-10-12,Office Supplies,Art,East,First Class,334.83,2,0.12,19.32,CUST-1753
ORD-03130,2026-10-12,Technology,Phones,East,Second Class,787.4,10,0.24,-72.53,CUST-1725
ORD-00254,2026-10-12,Technology,Accessories,South,First Class,144.13,1,0.28,-3.55,CUST-1635
ORD-00603,2026-10-12,Office Supplies,Storage,West,Same Day,728.74,3,0.06,196.93,CUST-1353
ORD-02220,2026-10-13,Technology,Phones,South,Same Day,55.13,2,0.27,12.32,CUST-1905
ORD-02472,2026-10-13,Office Supplies,Art,West,First Class,988.94,9,0.16,206.34,CUST-1863
ORD-00336,2026-10-13,Furniture,Bookcases,East,Second Class,353.34,6,0.05,137.04,CUST-1090
ORD-00384,2026-10-16,Furniture,Tables,Central,Second Class,364.34,7,0.09,-89.01,CUST-1508
ORD-02085,2026-10-16,Office Supplies,Art,Central,Same Day,283.04,9,0.06,49.65,CUST-1516
ORD-02201,2026-10-16,Technology,Machines,South,Standard Class,232.14,5,0.09,59.22,CUST-1993
ORD-00562,2026-10-16,Office Supplies,Paper,West,Standard Class,979.47,1,0.04,67.61,CUST-1815
ORD-01766,2026-10-17,Technology,Phones,West,Same Day,607.57,10,0.13,-79.59,CUST-1178
ORD-02238,2026-10-18,Office Supplies,Art,West,Same Day,510.51,10,0.24,149.15,CUST-1125
ORD-02609,2026-10-18,Office Supplies,Storage,South,Standard Class,67.83,3,0.2,11.86,CUST-1777
ORD-00693,2026-10-19,Office Supplies,Art,South,Standard Class,481.07,10,0.29,167.37,CUST-1523
ORD-00259,2026-10-19,Furniture,Bookcases,West,Standard Class,662.08,7,0.24,-121.18,CUST-1612
ORD-00172,2026-10-19,Technology,Machines,East,Standard Class,777.21,8,0.06,138.45,CUST-1710
ORD-02856,2026-10-19,Office Supplies,Storage,West,Same Day,837.3,10,0.23,298.95,CUST-1031
ORD-00477,2026-10-20,Furniture,Bookcases,South,Standard Class,258.46,10,0.01,-56.5,CUST-1167
ORD-01199,2026-10-20,Office Supplies,Paper,Central,Same Day,711.78,9,0.17,172.36,CUST-1750
ORD-01713,2026-10-20,Technology,Accessories,West,First Class,23.87,3,0.19,7.78,CUST-1915
ORD-01548,2026-10-20,Furniture,Chairs,West,First Class,603.8,6,0.25,-94.0,CUST-1925
ORD-01126,2026-10-21,Office Supplies,Storage,East,First Class,586.94,5,0.2,-128.74,CUST-1431
ORD-00961,2026-10-21,Furniture,Tables,East,Standard Class,435.37,10,0.22,16.12,CUST-1296
ORD-02255,2026-10-21,Technology,Machines,South,Standard Class,350.82,3,0.13,-72.77,CUST-1721
ORD-00246,2026-10-22,Technology,Copiers,East,First Class,442.72,2,0.1,125.59,CUST-1977
ORD-02228,2026-10-22,Furniture,Chairs,West,Standard Class,672.44,5,0.06,198.75,CUST-1218
ORD-01544,2026-10-22,Technology,Phones,South,Second Class,175.33,8,0.05,-32.34,CUST-1882
ORD-00142,2026-10-23,Furniture,Chairs,South,First Class,812.86,6,0.29,-134.2,CUST-1661
ORD-01284,2026-10-23,Office Supplies,Art,South,Same Day,651.89,9,0.14,48.89,CUST-1388
ORD-01584,2026-10-23,Furniture,Tables,West,Standard Class,683.55,9,0.08,7.89,CUST-1541
ORD-02189,2026-10-23,Furniture,Bookcases,West,First Class,197.22,5,0.24,34.74,CUST-1070
ORD-00436,2026-10-23,Technology,Phones,South,Standard Class,507.15,4,0.25,131.31,CUST-1628
ORD-00299,2026-10-23,Office Supplies,Storage,South,First Class,644.13,9,0.18,-41.21,CUST-1317
ORD-01015,2026-10-24,Technology,Copiers,South,Second Class,345.63,6,0.19,126.57,CUST-1040
ORD-00595,2026-10-24,Office Supplies,Storage,Central,First Class,978.45,10,0.14,-4.32,CUST-1594
ORD-00848,2026-10-24,Technology,Phones,Central,Second Class,107.43,2,0.11,13.08,CUST-1341
ORD-00525,2026-10-24,Office Supplies,Paper,West,Same Day,563.7,8,0.12,77.91,CUST-1574
ORD-01078,2026-10-25,Office Supplies,Art,East,Same Day,279.86,2,0.01,1.67,CUST-1950
ORD-02516,2026-10-25,Furniture,Chairs,East,Same Day,965.38,2,0.09,145.69,CUST-1332
ORD-01248,2026-10-25,Office Supplies,Storage,Central,Standard Class,120.56,3,0.29,10.73,CUST-1392
ORD-00349,2026-10-25,Technology,Accessories,East,Same Day,181.15,3,0.29,44.6,CUST-1129
ORD-02049,2026-10-25,Technology,Machines,Central,First Class,278.25,1,0.24,-61.69,CUST-1383
ORD-00326,2026-10-25,Office Supplies,Storage,Central,Second Class,35.8,10,0.07,13.87,CUST-1797
ORD-02820,2026-10-25,Technology,Copiers,West,Standard Class,849.96,8,0.22,218.63,CUST-1899
ORD-00901,2026-10-26,Furniture,Furnishings,West,Second Class,208.93,3,0.24,-23.26,CUST-1923
ORD-00424,2026-10-26,Furniture,Bookcases,Central,First Class,288.7,8,0.11,91.91,CUST-1031
ORD-03253,2026-10-26,Furniture,Tables,East,First Class,297.1,5,0.17,-41.87,CUST-1538
ORD-01270,2026-10-27,Furniture,Furnishings,East,Standard Class,613.71,3,0.17,39.49,CUST-1093
ORD-02813,2026-10-28,Office Supplies,Paper,South,Same Day,356.78,7,0.23,-71.7,CUST-1221
ORD-03262,2026-10-28,Technology,Phones,East,First Class,322.3,8,0.29,109.12,CUST-1977
ORD-01156,2026-10-28,Technology,Machines,East,First Class,611.03,9,0.16,-23.84,CUST-1199
ORD-00224,2026-10-28,Office Supplies,Paper,Central,Standard Class,244.53,3,0.3,20.03,CUST-1423
ORD-02329,2026-10-28,Office Supplies,Storage,East,Standard Class,800.83,6,0.25,225.28,CUST-1652
ORD-01013,2026-10-28,Furniture,Tables,East,Same Day,482.18,1,0.09,-78.44,CUST-1474
ORD-00770,2026-10-28,Furniture,Chairs,Central,Same Day,122.83,4,0.04,-14.24,CUST-1264
ORD-02430,2026-10-28,Office Supplies,Paper,Central,First Class,730.65,1,0.19,197.0,CUST-1304
ORD-02410,2026-10-29,Office Supplies,Binders,East,Standard Class,955.34,1,0.02,-108.3,CUST-1743
ORD-02441,2026-10-29,Technology,Machines,East,Second Class,909.9,3,0.06,103.22,CUST-1559
ORD-01650,2026-10-29,Technology,Copiers,Central,Standard Class,167.68,9,0.24,22.97,CUST-1590
ORD-01736,2026-10-30,Furniture,Furnishings,Central,Standard Class,35.4,8,0.16,13.83,CUST-1972
ORD-03023,2026-10-31,Furniture,Chairs,East,First Class,87.86,5,0.23,2.31,CUST-1098
ORD-01671,2026-10-31,Office Supplies,Art,South,First Class,467.1,9,0.26,111.69,CUST-1737
ORD-00187,2026-11-01,Office Supplies,Paper,West,Standard Class,58.17,5,0.15,20.07,CUST-1669
ORD-01404,2026-11-01,Furniture,Tables,West,Second Class,342.53,8,0.01,17.78,CUST-1863
ORD-02271,2026-11-01,Technology,Machines,Central,First Class,424.51,8,0.3,89.99,CUST-1866
ORD-01983,2026-11-01,Furniture,Tables,South,First Class,107.68,8,0.04,1.77,CUST-1362
ORD-01970,2026-11-01,Office Supplies,Art,Central,Same Day,58.12,8,0.06,25.78,CUST-1890
ORD-02436,2026-11-02,Office Supplies,Binders,Central,Standard Class,24.06,5,0.18,6.71,CUST-1212
ORD-02428,2026-11-02,Technology,Phones,South,Same Day,929.29,8,0.01,314.75,CUST-1003
ORD-00506,2026-11-02,Office Supplies,Paper,East,Standard Class,778.26,4,0.1,-174.64,CUST-1990
ORD-01557,2026-11-02,Furniture,Tables,South,Standard Class,664.01,8,0.22,107.81,CUST-1147
ORD-00463,2026-11-02,Furniture,Chairs,Central,Standard Class,947.55,9,0.29,269.7,CUST-1832
ORD-01554,2026-11-03,Furniture,Chairs,East,Second Class,746.89,9,0.08,-192.57,CUST-1223
ORD-02974,2026-11-03,Furniture,Furnishings,East,First Class,330.94,1,0.05,28.34,CUST-1346
ORD-00193,2026-11-04,Technology,Machines,Central,Same Day,817.59,6,0.1,-156.23,CUST-1426
ORD-02768,2026-11-04,Furniture,Chairs,West,First Class,398.04,3,0.21,-65.7,CUST-1212
ORD-01294,2026-11-04,Office Supplies,Art,Central,Standard Class,868.59,4,0.1,189.39,CUST-1515
ORD-00140,2026-11-05,Furniture,Bookcases,South,Same Day,47.23,6,0.25,-8.45,CUST-1884
ORD-02980,2026-11-05,Office Supplies,Paper,West,Second Class,403.92,1,0.13,118.25,CUST-1885
ORD-01437,2026-11-05,Furniture,Chairs,West,Second Class,270.63,9,0.17,-33.36,CUST-1126
ORD-00661,2026-11-05,Office Supplies,Art,South,Standard Class,969.91,10,0.2,263.55,CUST-1746
ORD-03026,2026-11-06,Office Supplies,Art,East,Standard Class,933.27,10,0.01,-18.1,CUST-1036
ORD-02705,2026-11-06,Technology,Copiers,West,Second Class,775.41,7,0.23,112.29,CUST-1223
ORD-01375,2026-11-06,Office Supplies,Paper,Central,First Class,971.18,1,0.21,-10.22,CUST-1122
ORD-01814,2026-11-06,Furniture,Chairs,South,Standard Class,311.07,3,0.05,-60.23,CUST-1969
ORD-01171,2026-11-07,Furniture,Chairs,East,Second Class,16.6,1,0.11,-1.1,CUST-1970
ORD-01698,2026-11-08,Office Supplies,Binders,East,Second Class,483.63,4,0.0,113.25,CUST-1526
ORD-02649,2026-11-08,Furniture,Bookcases,West,Same Day,406.18,3,0.03,167.19,CUST-1717
ORD-01166,2026-11-09,Furniture,Tables,East,Standard Class,677.17,8,0.11,30.66,CUST-1520
ORD-01611,2026-11-09,Furniture,Furnishings,East,Standard Class,580.92,4,0.15,-54.15,CUST-1440
ORD-02355,2026-11-10,Technology,Accessories,East,Standard Class,875.54,10,0.14,74.34,CUST-1530
ORD-02561,2026-11-10,Office Supplies,Storage,South,Standard Class,861.58,4,0.18,-76.96,CUST-1807
ORD-03039,2026-11-10,Office Supplies,Paper,Central,Same Day,106.42,4,0.0,36.04,CUST-1790
ORD-00936,2026-11-11,Furniture,Chairs,East,Second Class,46.37,3,0.09,15.45,CUST-1980
ORD-00808,2026-11-11,Office Supplies,Binders,West,First Class,307.63,7,0.21,88.56,CUST-1742
ORD-00460,2026-11-11,Technology,Accessories,West,First Class,366.14,1,0.29,-59.93,CUST-1282
ORD-00880,2026-11-12,Technology,Accessories,East,Second Class,31.0,2,0.09,8.19,CUST-1775
ORD-02831,2026-11-12,Office Supplies,Binders,Central,Same Day,735.75,7,0.12,142.91,CUST-1800
ORD-00272,2026-11-12,Office Supplies,Storage,West,Same Day,428.81,8,0.19,88.48,CUST-1660
ORD-03009,2026-11-12,Furniture,Tables,West,First Class,934.91,4,0.08,-87.01,CUST-1919
ORD-00471,2026-11-12,Office Supplies,Storage,West,Second Class,63.61,7,0.14,7.25,CUST-1514
ORD-01775,2026-11-13,Furniture,Chairs,West,First Class,580.78,8,0.02,141.96,CUST-1511
ORD-03235,2026-11-13,Furniture,Chairs,West,Same Day,100.21,7,0.04,-11.63,CUST-1364
ORD-02151,2026-11-14,Furniture,Tables,West,Same Day,291.13,8,0.13,92.07,CUST-1096
ORD-02593,2026-11-15,Furniture,Chairs,Central,First Class,459.83,3,0.09,115.54,CUST-1350
ORD-00406,2026-11-15,Office Supplies,Art,West,Second Class,217.62,5,0.21,75.12,CUST-1135
ORD-02452,2026-11-15,Furniture,Bookcases,South,First Class,732.89,8,0.01,-75.37,CUST-1198
ORD-02614,2026-11-15,Office Supplies,Storage,West,Same Day,92.95,5,0.25,12.9,CUST-1197
ORD-00445,2026-11-15,Furniture,Tables,East,Second Class,265.68,3,0.15,5.5,CUST-1992
ORD-00673,2026-11-15,Technology,Phones,Central,Second Class,585.84,3,0.1,212.3,CUST-1138
ORD-00169,2026-11-16,Technology,Accessories,East,Second Class,850.18,8,0.01,-207.23,CUST-1797
ORD-00977,2026-11-16,Office Supplies,Art,Central,Second Class,303.4,5,0.17,-41.08,CUST-1046
ORD-02928,2026-11-16,Office Supplies,Binders,Central,Same Day,939.71,5,0.11,-160.86,CUST-1028
ORD-00363,2026-11-17,Furniture,Chairs,South,Second Class,650.9,10,0.24,-59.85,CUST-1622
ORD-01075,2026-11-17,Furniture,Furnishings,West,First Class,285.06,3,0.21,103.86,CUST-1591
ORD-01312,2026-11-17,Furniture,Furnishings,West,First Class,769.44,7,0.25,41.88,CUST-1910
ORD-03216,2026-11-17,Office Supplies,Storage,West,Standard Class,438.68,5,0.02,190.91,CUST-1169
ORD-03134,2026-11-18,Furniture,Bookcases,South,Same Day,683.95,2,0.04,69.64,CUST-1591
ORD-02735,2026-11-18,Technology,Machines,South,First Class,447.65,5,0.1,70.86,CUST-1633
ORD-02875,2026-11-19,Office Supplies,Storage,Central,Same Day,490.11,7,0.19,40.46,CUST-1625
ORD-01744,2026-11-19,Technology,Copiers,South,Second Class,891.28,6,0.17,318.33,CUST-1794
ORD-00281,2026-11-19,Technology,Phones,West,Same Day,919.58,5,0.26,-135.07,CUST-1886
ORD-00956,2026-11-19,Furniture,Furnishings,East,Same Day,16.84,5,0.07,0.26,CUST-1306
ORD-01163,2026-11-20,Technology,Machines,South,Standard Class,136.18,9,0.07,-8.27,CUST-1344
ORD-02187,2026-11-20,Office Supplies,Paper,West,Same Day,127.55,2,0.22,-10.4,CUST-1456
ORD-02541,2026-11-21,Technology,Accessories,South,First Class,38.93,1,0.15,-4.42,CUST-1133
ORD-00192,2026-11-21,Furniture,Bookcases,Central,Second Class,399.03,10,0.22,-18.87,CUST-1344
ORD-03143,2026-11-21,Furniture,Bookcases,East,Same Day,814.25,10,0.29,-5.15,CUST-1875
ORD-01809,2026-11-21,Technology,Copiers,East,Same Day,808.94,2,0.21,274.07,CUST-1169
ORD-00153,2026-11-22,Furniture,Bookcases,East,Second Class,280.06,9,0.04,13.44,CUST-1969
ORD-03135,2026-11-23,Technology,Accessories,East,Same Day,287.96,2,0.22,66.97,CUST-1748
ORD-01624,2026-11-23,Office Supplies,Storage,East,First Class,571.48,2,0.07,-39.2,CUST-1829
ORD-00492,2026-11-24,Technology,Copiers,Central,Standard Class,418.77,2,0.05,-27.18,CUST-1652
ORD-03016,2026-11-24,Furniture,Chairs,West,Standard Class,904.38,6,0.21,-86.76,CUST-1705
ORD-01849,2026-11-24,Technology,Machines,East,First Class,762.89,9,0.0,60.78,CUST-1528
ORD-00740,2026-11-24,Office Supplies,Storage,West,Standard Class,739.5,8,0.23,-101.92,CUST-1873
ORD-01894,2026-11-24,Furniture,Tables,Central,Same Day,247.97,3,0.3,-42.01,CUST-1964
ORD-02323,2026-11-24,Office Supplies,Art,East,Same Day,653.31,9,0.12,-39.07,CUST-1241
ORD-01518,2026-11-24,Technology,Phones,Central,Standard Class,934.82,5,0.18,-90.24,CUST-1949
ORD-02765,2026-11-24,Technology,Phones,East,First Class,438.34,8,0.06,140.35,CUST-1874
ORD-02645,2026-11-25,Office Supplies,Binders,East,Same Day,828.34,7,0.13,117.69,CUST-1729
ORD-01644,2026-11-26,Furniture,Tables,West,Second Class,908.92,9,0.26,90.76,CUST-1075
ORD-01406,2026-11-26,Technology,Phones,West,Standard Class,376.67,3,0.27,68.04,CUST-1006
ORD-02704,2026-11-26,Office Supplies,Paper,West,First Class,862.07,8,0.14,88.68,CUST-1004
ORD-00439,2026-11-26,Office Supplies,Storage,South,Same Day,882.74,1,0.29,-25.54,CUST-1720
ORD-00932,2026-11-28,Technology,Phones,West,First Class,188.86,10,0.21,-44.12,CUST-1457
ORD-01368,2026-11-28,Technology,Machines,South,Standard Class,709.68,6,0.24,-48.09,CUST-1379
ORD-02017,2026-11-28,Office Supplies,Paper,Central,Same Day,376.84,8,0.24,-55.7,CUST-1796
ORD-02182,2026-11-28,Office Supplies,Paper,Central,Same Day,458.9,10,0.03,-131.82,CUST-1528
ORD-00788,2026-11-28,Office Supplies,Art,South,Same Day,996.55,8,0.22,26.07,CUST-1166
ORD-01041,2026-11-28,Technology,Copiers,Central,Second Class,959.57,7,0.07,427.27,CUST-1197
ORD-01204,2026-11-29,Technology,Copiers,South,Same Day,218.51,6,0.28,43.44,CUST-1872
ORD-00166,2026-11-29,Office Supplies,Binders,South,First Class,436.3,3,0.16,-15.77,CUST-1081
ORD-01974,2026-11-29,Technology,Phones,East,First Class,921.57,8,0.26,-107.38,CUST-1131
ORD-00935,2026-11-29,Office Supplies,Storage,West,Same Day,698.15,9,0.27,253.52,CUST-1620
ORD-01334,2026-11-30,Technology,Copiers,West,Standard Class,427.8,3,0.17,158.97,CUST-1035
ORD-00779,2026-11-30,Office Supplies,Storage,South,Standard Class,724.34,6,0.27,-155.29,CUST-1286
ORD-02464,2026-11-30,Office Supplies,Art,East,Same Day,167.58,4,0.05,65.78,CUST-1031
ORD-02632,2026-12-01,Office Supplies,Paper,East,First Class,76.69,3,0.26,20.45,CUST-1027
ORD-00910,2026-12-01,Technology,Phones,West,Same Day,798.85,5,0.25,297.8,CUST-1895
ORD-00383,2026-12-01,Office Supplies,Paper,South,First Class,516.47,10,0.04,-103.52,CUST-1108
ORD-03096,2026-12-01,Office Supplies,Paper,South,Same Day,512.22,2,0.02,163.91,CUST-1227
ORD-00379,2026-12-01,Technology,Copiers,South,Second Class,349.31,8,0.11,-46.4,CUST-1970
ORD-02926,2026-12-02,Furniture,Bookcases,East,Second Class,388.23,8,0.06,172.65,CUST-1703
ORD-00365,2026-12-02,Technology,Machines,East,First Class,516.4,6,0.17,75.01,CUST-1289
ORD-01601,2026-12-02,Technology,Phones,West,Same Day,499.4,9,0.22,-10.69,CUST-1639
ORD-02763,2026-12-02,Technology,Copiers,South,Standard Class,585.82,8,0.19,-120.76,CUST-1165
ORD-01555,2026-12-03,Office Supplies,Binders,South,Same Day,340.7,10,0.14,57.84,CUST-1291
ORD-02113,2026-12-03,Technology,Accessories,South,First Class,517.85,9,0.16,-69.57,CUST-1935
ORD-02183,2026-12-03,Technology,Phones,East,Standard Class,127.92,1,0.01,58.76,CUST-1870
ORD-02646,2026-12-03,Furniture,Tables,West,Same Day,75.02,1,0.22,22.93,CUST-1340
ORD-00440,2026-12-03,Technology,Copiers,Central,Second Class,382.89,7,0.11,75.88,CUST-1855
ORD-02869,2026-12-03,Technology,Copiers,West,Second Class,951.23,10,0.09,-208.84,CUST-1728
ORD-03108,2026-12-04,Technology,Accessories,East,Second Class,640.31,4,0.21,245.47,CUST-1780
ORD-03043,2026-12-04,Technology,Machines,West,Second Class,343.46,8,0.23,54.34,CUST-1057
ORD-01006,2026-12-04,Office Supplies,Paper,West,Same Day,622.85,4,0.12,196.22,CUST-1999
ORD-01980,2026-12-05,Technology,Accessories,East,Standard Class,369.95,8,0.21,105.99,CUST-1800
ORD-03217,2026-12-05,Furniture,Bookcases,West,First Class,938.76,9,0.21,3.69,CUST-1598
ORD-00352,2026-12-06,Office Supplies,Binders,South,Second Class,156.72,10,0.17,61.38,CUST-1102
ORD-02233,2026-12-06,Office Supplies,Paper,Central,Second Class,705.79,2,0.19,224.42,CUST-1591
ORD-02463,2026-12-06,Technology,Accessories,West,First Class,505.85,3,0.25,-16.69,CUST-1656
ORD-01203,2026-12-06,Office Supplies,Art,West,Second Class,297.29,4,0.24,104.29,CUST-1380
ORD-02477,2026-12-07,Technology,Machines,East,Second Class,817.32,1,0.19,60.09,CUST-1937
ORD-00623,2026-12-07,Office Supplies,Paper,West,First Class,46.51,3,0.15,-11.26,CUST-1928
ORD-02449,2026-12-08,Office Supplies,Art,South,Second Class,298.26,1,0.11,8.44,CUST-1361
ORD-01254,2026-12-08,Technology,Machines,East,First Class,333.32,1,0.04,154.07,CUST-1653
ORD-02222,2026-12-08,Office Supplies,Art,East,First Class,86.27,8,0.1,-2.32,CUST-1169
ORD-01729,2026-12-09,Furniture,Furnishings,West,Second Class,374.99,5,0.26,64.06,CUST-1888
ORD-00859,2026-12-09,Furniture,Furnishings,East,Standard Class,523.35,3,0.1,201.52,CUST-1400
ORD-00526,2026-12-09,Furniture,Tables,East,Standard Class,779.0,6,0.21,98.97,CUST-1115
ORD-01287,2026-12-09,Furniture,Tables,Central,First Class,404.51,2,0.29,30.42,CUST-1277
ORD-00485,2026-12-09,Furniture,Chairs,Central,Second Class,93.47,7,0.09,-8.68,CUST-1290
ORD-02752,2026-12-10,Office Supplies,Art,East,Second Class,732.14,4,0.21,255.71,CUST-1779
ORD-02062,2026-12-10,Office Supplies,Paper,Central,Standard Class,778.18,7,0.19,-47.01,CUST-1891
ORD-01672,2026-12-10,Furniture,Chairs,West,Second Class,822.15,1,0.18,-21.8,CUST-1424
ORD-00393,2026-12-10,Technology,Accessories,Central,First Class,438.52,4,0.14,87.1,CUST-1656
ORD-02253,2026-12-10,Technology,Accessories,South,Second Class,581.93,2,0.29,-15.74,CUST-1874
ORD-02783,2026-12-11,Technology,Accessories,East,Same Day,676.97,4,0.06,-71.43,CUST-1320
ORD-00900,2026-12-11,Office Supplies,Art,South,Second Class,184.64,3,0.21,-20.65,CUST-1186
ORD-00717,2026-12-11,Office Supplies,Storage,East,Second Class,603.82,6,0.1,91.0,CUST-1399
ORD-00668,2026-12-11,Office Supplies,Binders,South,First Class,16.55,5,0.12,2.11,CUST-1727
ORD-00731,2026-12-12,Office Supplies,Storage,South,First Class,232.24,4,0.06,85.04,CUST-1800
ORD-02874,2026-12-12,Furniture,Chairs,East,Second Class,162.72,6,0.06,7.56,CUST-1522
ORD-00678,2026-12-12,Technology,Phones,South,Same Day,916.87,2,0.25,301.69,CUST-1491
ORD-01573,2026-12-13,Furniture,Bookcases,West,First Class,467.71,5,0.05,142.57,CUST-1527
ORD-00332,2026-12-13,Office Supplies,Binders,Central,Same Day,590.16,6,0.09,-102.49,CUST-1161
ORD-00160,2026-12-13,Technology,Phones,South,Same Day,53.1,7,0.29,-3.66,CUST-1016
ORD-01669,2026-12-13,Office Supplies,Binders,East,Second Class,248.69,2,0.19,-28.53,CUST-1221
ORD-00157,2026-12-16,Office Supplies,Binders,Central,Second Class,308.14,1,0.07,60.51,CUST-1637
ORD-00270,2026-12-16,Technology,Copiers,South,Same Day,591.13,6,0.11,34.87,CUST-1176
ORD-00780,2026-12-16,Technology,Accessories,South,Same Day,647.44,9,0.19,102.03,CUST-1452
ORD-00800,2026-12-17,Office Supplies,Storage,Central,First Class,123.5,2,0.16,-7.44,CUST-1187
ORD-02217,2026-12-17,Office Supplies,Binders,West,Same Day,150.85,9,0.12,65.04,CUST-1207
ORD-00214,2026-12-17,Technology,Copiers,East,First Class,71.14,9,0.27,-7.18,CUST-1549
ORD-01310,2026-12-18,Furniture,Bookcases,East,Same Day,995.7,9,0.26,-28.25,CUST-1551
ORD-01661,2026-12-18,Office Supplies,Paper,East,Standard Class,961.17,5,0.02,375.61,CUST-1841
ORD-00032,2026-12-19,Furniture,Bookcases,East,Second Class,271.82,2,0.22,-37.24,CUST-1288
ORD-02857,2026-12-19,Furniture,Bookcases,South,First Class,748.3,1,0.1,-77.91,CUST-1677
ORD-01450,2026-12-20,Office Supplies,Art,Central,Second Class,375.87,8,0.02,21.24,CUST-1427
ORD-02070,2026-12-20,Furniture,Chairs,Central,Second Class,925.66,10,0.05,283.76,CUST-1785
ORD-00776,2026-12-20,Office Supplies,Paper,West,Same Day,419.28,7,0.27,141.24,CUST-1528
ORD-01621,2026-12-20,Furniture,Furnishings,Central,Standard Class,647.81,8,0.06,238.14,CUST-1859
ORD-00451,2026-12-21,Office Supplies,Paper,South,Same Day,357.01,10,0.03,-66.8,CUST-1488
ORD-03099,2026-12-22,Office Supplies,Binders,West,Standard Class,581.36,3,0.0,164.98,CUST-1977
ORD-01665,2026-12-22,Technology,Phones,West,First Class,374.69,9,0.21,34.04,CUST-1850
ORD-03089,2026-12-22,Technology,Accessories,West,First Class,416.55,2,0.16,170.49,CUST-1841
ORD-01604,2026-12-23,Office Supplies,Binders,South,Standard Class,741.24,7,0.01,355.91,CUST-1335
ORD-01077,2026-12-23,Office Supplies,Art,Central,First Class,927.66,2,0.11,-107.62,CUST-1406
ORD-02684,2026-12-23,Technology,Accessories,South,Second Class,438.12,9,0.27,74.65,CUST-1025
ORD-00643,2026-12-23,Office Supplies,Storage,East,Same Day,500.33,2,0.17,-120.46,CUST-1749
ORD-01864,2026-12-24,Furniture,Bookcases,East,Same Day,606.74,4,0.14,170.85,CUST-1109
ORD-02756,2026-12-25,Technology,Machines,West,Same Day,269.31,1,0.25,2.15,CUST-1386
ORD-02185,2026-12-25,Technology,Machines,East,Same Day,18.82,6,0.09,8.41,CUST-1973
ORD-03219,2026-12-26,Office Supplies,Storage,East,Standard Class,162.57,4,0.02,-19.73,CUST-1690
ORD-00605,2026-12-26,Furniture,Furnishings,South,Same Day,270.0,9,0.26,-58.04,CUST-1949
ORD-00872,2026-12-26,Furniture,Furnishings,East,First Class,396.71,5,0.13,61.63,CUST-1049
ORD-02354,2026-12-27,Office Supplies,Art,Central,First Class,971.19,7,0.25,-60.03,CUST-1898
ORD-00978,2026-12-28,Furniture,Bookcases,East,Second Class,942.63,5,0.28,-56.77,CUST-1809
ORD-03127,2026-12-28,Technology,Phones,South,First Class,838.4,7,0.02,337.75,CUST-1863
ORD-00180,2026-12-28,Furniture,Tables,West,Second Class,662.15,10,0.1,261.7,CUST-1042
ORD-00408,2026-12-29,Office Supplies,Storage,East,First Class,35.02,3,0.02,-8.74,CUST-1273
ORD-02041,2026-12-29,Office Supplies,Art,West,Second Class,490.61,4,0.14,133.13,CUST-1078
ORD-03147,2026-12-30,Furniture,Furnishings,West,Second Class,198.84,9,0.1,-51.73,CUST-1925
ORD-02607,2026-12-30,Furniture,Bookcases,Central,Same Day,296.73,5,0.25,12.27,CUST-1801
ORD-01131,2026-12-30,Technology,Machines,East,Same Day,61.62,7,0.21,2.13,CUST-1437
ORD-02058,2026-12-30,Furniture,Tables,East,First Class,185.01,3,0.03,65.16,CUST-1800
ORD-03232,2026-12-30,Office Supplies,Storage,East,First Class,662.64,7,0.27,-52.57,CUST-1629
ORD-01288,2026-12-31,Technology,Phones,East,Same Day,571.04,4,0.07,179.4,CUST-1187
